CREATE DATABASE  IF NOT EXISTS `gift_e_bazar` /*!40100 DEFAULT CHARACTER SET utf8mb4 COLLATE utf8mb4_0900_ai_ci */;
USE `gift_e_bazar`;
-- MySQL dump 10.13  Distrib 8.0.13, for Win64 (x86_64)
--
-- Host: localhost    Database: gift_e_bazar
-- ------------------------------------------------------
-- Server version	8.0.11

/*!40101 SET @OLD_CHARACTER_SET_CLIENT=@@CHARACTER_SET_CLIENT */;
/*!40101 SET @OLD_CHARACTER_SET_RESULTS=@@CHARACTER_SET_RESULTS */;
/*!40101 SET @OLD_COLLATION_CONNECTION=@@COLLATION_CONNECTION */;
 SET NAMES utf8 ;
/*!40103 SET @OLD_TIME_ZONE=@@TIME_ZONE */;
/*!40103 SET TIME_ZONE='+00:00' */;
/*!40014 SET @OLD_UNIQUE_CHECKS=@@UNIQUE_CHECKS, UNIQUE_CHECKS=0 */;
/*!40014 SET @OLD_FOREIGN_KEY_CHECKS=@@FOREIGN_KEY_CHECKS, FOREIGN_KEY_CHECKS=0 */;
/*!40101 SET @OLD_SQL_MODE=@@SQL_MODE, SQL_MODE='NO_AUTO_VALUE_ON_ZERO' */;
/*!40111 SET @OLD_SQL_NOTES=@@SQL_NOTES, SQL_NOTES=0 */;

--
-- Table structure for table `admin`
--

DROP TABLE IF EXISTS `admin`;
/*!40101 SET @saved_cs_client     = @@character_set_client */;
 SET character_set_client = utf8mb4 ;
CREATE TABLE `admin` (
  `emailaddress` varchar(100) NOT NULL,
  `mobilenumber` varchar(45) NOT NULL,
  `password` text,
  `adminname` varchar(45) DEFAULT NULL,
  `picture` text,
  PRIMARY KEY (`emailaddress`,`mobilenumber`)
) ENGINE=InnoDB DEFAULT CHARSET=utf8mb4 COLLATE=utf8mb4_0900_ai_ci;
/*!40101 SET character_set_client = @saved_cs_client */;

--
-- Dumping data for table `admin`
--

LOCK TABLES `admin` WRITE;
/*!40000 ALTER TABLE `admin` DISABLE KEYS */;
INSERT INTO `admin` VALUES ('kk@gmail.com','9926685959','12345','Varsha Bhardwaj','pic.jpg');
/*!40000 ALTER TABLE `admin` ENABLE KEYS */;
UNLOCK TABLES;

--
-- Table structure for table `banner`
--

DROP TABLE IF EXISTS `banner`;
/*!40101 SET @saved_cs_client     = @@character_set_client */;
 SET character_set_client = utf8mb4 ;
CREATE TABLE `banner` (
  `bannerid` int(11) NOT NULL AUTO_INCREMENT,
  `image` text,
  `status` varchar(45) DEFAULT NULL,
  PRIMARY KEY (`bannerid`),
  UNIQUE KEY `bannerid_UNIQUE` (`bannerid`)
) ENGINE=InnoDB AUTO_INCREMENT=13 DEFAULT CHARSET=utf8mb4 COLLATE=utf8mb4_0900_ai_ci;
/*!40101 SET character_set_client = @saved_cs_client */;

--
-- Dumping data for table `banner`
--

LOCK TABLES `banner` WRITE;
/*!40000 ALTER TABLE `banner` DISABLE KEYS */;
INSERT INTO `banner` VALUES (12,'banner.jpg,Birthday_Banner.webp,d1.jpg,d2.jpg,d3.avif,d5.avif,front View Banner.webp,mango_cake_d_igp_banner.webp,Mother_s_Day_banner.webp,mothers_day_d_igp_banner_20230502.webp,','yes');
/*!40000 ALTER TABLE `banner` ENABLE KEYS */;
UNLOCK TABLES;

--
-- Table structure for table `category`
--

DROP TABLE IF EXISTS `category`;
/*!40101 SET @saved_cs_client     = @@character_set_client */;
 SET character_set_client = utf8mb4 ;
CREATE TABLE `category` (
  `categoryid` int(11) NOT NULL AUTO_INCREMENT,
  `categoryname` varchar(45) DEFAULT NULL,
  `discription` text,
  `categoryicon` text,
  `status` varchar(45) DEFAULT NULL,
  `created_at` text,
  `created_by` varchar(80) DEFAULT NULL,
  `updated_at` text,
  PRIMARY KEY (`categoryid`)
) ENGINE=InnoDB AUTO_INCREMENT=23 DEFAULT CHARSET=utf8mb4 COLLATE=utf8mb4_0900_ai_ci;
/*!40101 SET character_set_client = @saved_cs_client */;

--
-- Dumping data for table `category`
--

LOCK TABLES `category` WRITE;
/*!40000 ALTER TABLE `category` DISABLE KEYS */;
INSERT INTO `category` VALUES (15,'Birthday','Birthday special','birthday_cakes_highlights.jpg','Verified','2023/4/6 8:17:4','ADMIN','2023/5/6 1:18:22'),(16,'Anniversary','Anniversary special','p-premium-sweets-wedding-gift-box-with-personalized-card-box.webp','Verified','2023/4/6 8:20:47','ADMIN','2023/5/6 1:19:40'),(17,'Baskets','Collection of gifts','chocolate-truffles-pack.webp','Verified','2023/4/6 8:22:27','ADMIN','2023/5/6 1:33:46'),(18,'Personalized','Gifts on your demand','love Champagne Glass.webp','Verified','2023/4/6 8:24:10','ADMIN','2023/4/10 14:21:7'),(19,'Occasion\'s','Ocassions Special','p-designer-golf-set-wine-tools-190903-m.webp','Verified','2023/4/6 8:42:30','ADMIN','2023/5/6 1:21:59'),(20,'Our Special','Our special category for Special Ocassion\'s','bride to be.webp','Pending','2023/4/8 17:14:30','ADMIN','2023/5/6 1:32:49'),(21,'Festivals','Gifts for all Festivals','p-designer-watch-with-ruby-and-cz-stones.webp','Pending','2023/4/10 14:22:36','ADMIN','2023/5/6 1:24:33');
/*!40000 ALTER TABLE `category` ENABLE KEYS */;
UNLOCK TABLES;

--
-- Table structure for table `cities`
--

DROP TABLE IF EXISTS `cities`;
/*!40101 SET @saved_cs_client     = @@character_set_client */;
 SET character_set_client = utf8mb4 ;
CREATE TABLE `cities` (
  `city_id` int(11) NOT NULL,
  `state_id` int(11) DEFAULT NULL,
  `cityname` varchar(45) DEFAULT NULL,
  PRIMARY KEY (`city_id`)
) ENGINE=InnoDB DEFAULT CHARSET=utf8mb4 COLLATE=utf8mb4_0900_ai_ci;
/*!40101 SET character_set_client = @saved_cs_client */;

--
-- Dumping data for table `cities`
--

LOCK TABLES `cities` WRITE;
/*!40000 ALTER TABLE `cities` DISABLE KEYS */;
INSERT INTO `cities` VALUES (100,100,'Gwalior'),(101,100,'Bhind'),(102,100,'Datiya'),(103,100,'Shivpuri'),(104,101,'Kanpur'),(105,101,'Lucknow'),(106,102,'Udaipur'),(107,102,'Jaipur'),(108,103,'Gandhinagar'),(109,103,'Ahemdabad'),(110,104,'Hisar'),(111,104,'Faridabad');
/*!40000 ALTER TABLE `cities` ENABLE KEYS */;
UNLOCK TABLES;

--
-- Table structure for table `orders`
--

DROP TABLE IF EXISTS `orders`;
/*!40101 SET @saved_cs_client     = @@character_set_client */;
 SET character_set_client = utf8mb4 ;
CREATE TABLE `orders` (
  `orderid` int(11) NOT NULL AUTO_INCREMENT,
  `productid` varchar(45) DEFAULT NULL,
  `userid` varchar(45) DEFAULT NULL,
  `order_date` varchar(45) DEFAULT NULL,
  `order_time` varchar(45) DEFAULT NULL,
  `payment_mode` varchar(45) DEFAULT NULL,
  `payment_status` varchar(45) DEFAULT NULL,
  `transectionid` varchar(45) DEFAULT NULL,
  `delivery_status` varchar(45) DEFAULT NULL,
  `amount` varchar(45) DEFAULT NULL,
  `quantity` varchar(45) DEFAULT NULL,
  `order_status` varchar(45) DEFAULT NULL,
  PRIMARY KEY (`orderid`),
  UNIQUE KEY `orderid_UNIQUE` (`orderid`)
) ENGINE=InnoDB AUTO_INCREMENT=20 DEFAULT CHARSET=utf8mb4 COLLATE=utf8mb4_0900_ai_ci;
/*!40101 SET character_set_client = @saved_cs_client */;

--
-- Dumping data for table `orders`
--

LOCK TABLES `orders` WRITE;
/*!40000 ALTER TABLE `orders` DISABLE KEYS */;
INSERT INTO `orders` VALUES (1,'63','44','2023/5/5','22:28','Online',NULL,'16833058851646000','pending','Successfull','110','1'),(2,'63','44','2023/5/5','22:33','Online',NULL,'168330622849466107','pending','Successfull','110','1'),(3,'96','44','2023/5/6','2:8','Online',NULL,'16833190947566851','pending','6600','1','Successfull'),(4,NULL,'44','2023/5/6','16:8','Online',NULL,'168336949553440107','pending','4090','1','Successfull'),(5,NULL,'44','2023/5/6','16:56','Online',NULL,'168337241300035547','pending','400','1','Successfull'),(6,'40','44','2023/5/6','17:4','Online',NULL,'168337284595850059','pending','400','1','Successfull'),(7,'lion face cake','44','2023/5/6','17:9','Online',NULL,'168337315143245240','pending','400','1','Successfull'),(8,'lion face cake','44','2023/5/6','17:19','Online',NULL,'168337379324773963','pending','3600','1','Successfull'),(9,'lion face cake','44','2023/5/6','17:25','Online',NULL,'168337410445421963','pending','3600','1','Successfull'),(10,'40','44','2023/5/6','17:40','Online',NULL,'168337502136147978','pending','620','1','Successfull'),(11,'40','44','2023/5/6','18:50','Online',NULL,'168337925775413628','pending','2690','1','Successfull'),(12,'64','50','2023/5/7','0:4','Online',NULL,'168339809125926882','pending','6800','1','Successfull'),(13,'40','44','2023/5/7','1:1','Online',NULL,'168340148220291579','pending','1800','1','Successfull'),(14,'40','44','2023/5/8','13:27','Online',NULL,'168353264402321415','pending','400','1','Successful'),(15,'40','44','2023/5/8','16:10','Online',NULL,'168354245728438773','pending','400','1','Successful'),(16,'69','44','2023/5/8','18:31','Online',NULL,'16835508608138412','pending','1200','1','Successful'),(17,'60','44','2023/5/9','23:38','Online',NULL,'16836557053447801','pending','6038','1','Successful'),(18,'61','44','2023/5/10','0:5','Online',NULL,'168365732099360422','pending','650','1','Successful'),(19,'16','44','2023/5/10','0:9','Online',NULL,'168365754830628334','pending','2998','1','Successful');
/*!40000 ALTER TABLE `orders` ENABLE KEYS */;
UNLOCK TABLES;

--
-- Table structure for table `product`
--

DROP TABLE IF EXISTS `product`;
/*!40101 SET @saved_cs_client     = @@character_set_client */;
 SET character_set_client = utf8mb4 ;
CREATE TABLE `product` (
  `categoryid` int(11) DEFAULT NULL,
  `subcategoryid` int(11) DEFAULT NULL,
  `productid` int(11) NOT NULL AUTO_INCREMENT,
  `productname` varchar(45) DEFAULT NULL,
  `description` text,
  `picture` text,
  `status` varchar(100) DEFAULT NULL,
  `trending` varchar(100) DEFAULT NULL,
  `deals` varchar(45) DEFAULT NULL,
  `price_type` varchar(100) DEFAULT NULL,
  `createdat` text,
  `updatedat` text,
  `createdby` text,
  PRIMARY KEY (`productid`)
) ENGINE=InnoDB AUTO_INCREMENT=208 DEFAULT CHARSET=utf8mb4 COLLATE=utf8mb4_0900_ai_ci;
/*!40101 SET character_set_client = @saved_cs_client */;

--
-- Dumping data for table `product`
--

LOCK TABLES `product` WRITE;
/*!40000 ALTER TABLE `product` DISABLE KEYS */;
INSERT INTO `product` VALUES (16,16,13,'Cakes','Anniversary Special Cakes ','p-heart-shaped-red-velvet-cake-half-kg.png','available','yes','yes','g','2023/4/8 13:20:2','2023/5/6 13:27:1','ADMIN'),(16,22,14,'Bouquet','A pack of  veriety of fresh Flowers ','white_red_orange_roses.png','available','no','no','pcs','2023/4/8 13:22:26','2023/5/9 22:19:20','ADMIN'),(15,24,15,'Fragrance','Variety of egnited Scented perfumes choosen from varierty of fragrances','perfume4.png','available','yes','no','ml','2023/4/8 13:30:20','2023/5/9 13:49:18','ADMIN'),(17,18,16,'Chocolate Basket','Combo pack of variety of Chocolates  ','dairy milk Chocolate Basket.png','available','yes','no','Kg','2023/4/8 13:33:51','2023/5/9 17:45:32','ADMIN'),(18,20,17,'Juice Mug','A set of twoJuice glasses','p-set-of-2-personalized-juice-glasses.png','available','yes','yes','pcs','2023/4/11 11:5:17','2023/5/9 22:20:3','ADMIN'),(18,20,18,'Mugs with gift tray','p-couple-gift-tray-with-shakers-and-personalized-mugs','p-couple-gift-tray-with-shakers-and-personalized-mugs.png','available','yes','no','piecies','2023/4/11 11:7:0','2023/5/9 22:20:16','ADMIN'),(18,21,19,' Photo keychain','personalised Photo keychain','Personalized Photo keychain.png','available','no','no','pcs','2023/4/11 11:9:55','2023/5/6 12:47:56','ADMIN'),(18,38,20,'Dairy & Pen set','Dairy & Pen set','doodles-personalized-diary.png','available','no','no','pcs','2023/4/11 11:12:55','2023/5/6 13:5:1','ADMIN'),(17,18,21,'Chocolate Box','Chocolate basket','p-premium-sweets-wedding-gift-box-with-personalized-card-box.png','available','yes','yes','g','2023/4/11 11:15:10','2023/5/9 22:20:46','ADMIN'),(17,18,22,'Chocolates','pack of chocolates','chocolate-truffles-pack.png','available','yes','yes','Kg','2023/4/11 11:15:57','2023/5/9 22:20:55','ADMIN'),(18,39,23,'Pillow','Pillow','silver-sequin-personalized-magic-pillow.webp','available','no','no','pcs','2023/4/11 11:56:38','2023/5/6 15:49:5','ADMIN'),(18,39,24,'Table clock','personalized table clock','personalized-table-clock.png','available','no','no','pcs','2023/4/11 11:57:25','2023/5/9 22:5:35','ADMIN'),(18,39,25,'passport cover','personalized-passport-cover','personalized-passport-cover.png','available','no','no','pcs','2023/4/11 14:57:44','2023/5/6 13:5:54','ADMIN'),(18,39,26,'Passport organizer','personalized-passport-organizer','personalized-passport-organizer.png','available','no','no','pcs','2023/4/11 14:59:53','2023/5/9 22:21:8','ADMIN'),(18,20,27,'wine glass set','set of wine glass set','wine glass set.png','available','yes','no','pcs','2023/4/11 15:45:13','2023/5/6 13:32:23','ADMIN'),(18,20,28,'Champagne Glass Pair','Glassy Pair Champagne Glass','Glassy Pair Champagne Glass.png','available','no','no','pcs','2023/4/11 15:47:11','2023/5/6 15:49:27','ADMIN'),(18,20,29,'cups','cups','cups.png','available','no','no','pcs','2023/4/11 15:51:29','2023/5/6 15:49:41','ADMIN'),(16,16,30,'Tempting Vanilla Cake','Tempting Vanilla Cake','Tempting Vanilla Cake.png','available','no','no','g','2023/4/11 15:57:39','2023/5/6 13:33:4','ADMIN'),(16,16,31,'Roses  chocolate cake','p-roses-pearls-chocolate-cake-1-kg','p-roses-pearls-chocolate-cake-1-kg.jpg','available','no','no','g','2023/4/11 16:0:3','2023/4/11 17:8:43','ADMIN'),(16,13,32,'Desk watch','antique-brass-desk-watch','antique-brass-desk-watch.png','available','no','no','pcs','2023/4/11 16:3:53','2023/5/6 13:8:12','ADMIN'),(15,24,33,'Desk-watch','antique-brass-desk-watch','antique-brass-desk-watch.png','available','no','no','pcs','2023/4/11 16:5:1','2023/5/6 13:8:30','ADMIN'),(16,13,34,'Brass desk watch','antique-brass-desk-watch','antique-brass-desk-watch.png','available','no','no','pcs','2023/4/11 16:6:25','2023/5/6 13:8:43','ADMIN'),(15,40,39,'lion face cake','p-delicious-lion-face-cake-half-kg','p-delicious-lion-face-cake-half-kg.png','available','no','no','Kg','2023/4/11 16:27:24','2023/5/6 15:50:14','ADMIN'),(15,15,40,'lion face cake','p-delicious-lion-face-cake-half-kg','p-delicious-lion-face-cake-half-kg-second.png','available','no','no','Kg','2023/4/11 16:30:30','2023/5/9 23:5:59','ADMIN'),(15,15,41,'Pearls chocolate cake','p-roses-pearls-chocolate-cake','p-roses-pearls-chocolate-cake-1-kg.png','available','no','no','g','2023/4/11 16:32:5','2023/5/6 13:10:5','ADMIN'),(15,15,42,'Vanilla cake','finest-vanilla-cake-half-kg','p-finest-vanilla-cake-half-kg.png','available','no','no','Kg','2023/4/11 16:34:1','2023/5/6 13:10:20','ADMIN'),(15,15,43,'Choco creamy cake','Delicious-choco-creamy-cake-600-gm','p-delicious-creamy-pineapple-cake-600-gm.png','available','no','no','Kg','2023/4/11 16:35:10','2023/5/6 13:23:36','ADMIN'),(15,15,44,'Red Velvet cake','delicious-and-divine-cake','p-heavenly-red-velvet-cake-600-gm.png','available','no','no','Kg','2023/4/11 16:36:13','2023/5/6 13:11:10','ADMIN'),(15,15,45,'Cake with design','delicious-cake-with-intricate-design','p-delicious-cake-with-intricate-design-600-gm-transformed.png','available','no','no','Kg','2023/4/11 16:37:14','2023/5/6 13:23:3','ADMIN'),(15,11,46,'Mother\'s day cake','mother-s-day-dreamy-delight-cake','p-mother-s-day-dreamy-delight-cake-one-kg.png','available','no','no','Kg','2023/4/11 16:38:59','2023/5/6 15:51:35','ADMIN'),(15,15,47,'Red Velvet cake','heavenly-red-velvet-cake','p-classic-red-velvet-cake-1-kg-transformed.png','available','no','no','Kg','2023/4/11 16:50:17','2023/5/6 13:11:55','ADMIN'),(16,16,48,'Red velvet cake','Heart Shaped Red velvet cake','p-heart-shaped-red-velvet-cake-half-kg.png','available','no','no','Kg','2023/4/11 16:51:27','2023/5/9 23:7:50','ADMIN'),(15,12,49,'Photo frame','father\'s Special Photo Frame','father special gift.avif','available','no','no','pcs','2023/4/11 16:53:49','2023/4/11 16:53:49','ADMIN'),(15,15,50,'Pineapple Cake','','p-delicious-cake-with-intricate-design-600-gm-transformed.png','available','no','no','Kg','2023/4/11 16:55:56','2023/5/6 15:51:54','ADMIN'),(15,15,51,'creamy pineapple cake','creamy-pineapple-cake','p-delicious-creamy-pineapple-cake-600-gm.png','available','no','no','Kg','2023/4/11 16:56:45','2023/5/6 15:52:30','ADMIN'),(15,12,52,'Best Dad cake','Best dad Cake','p-best-dad-chocolate-cake-half-kg.png','available','no','no','Kg','2023/4/11 17:1:26','2023/5/6 15:53:3','ADMIN'),(19,34,53,'Father\'s day','Father\'s Day Special','p-best-dad-chocolate-cake-half-kg.png','available','no','no','Kg','2023/4/11 17:3:1','2023/5/6 13:13:24','ADMIN'),(19,33,54,'Mom\'s Special','Mother\'s day special ','p-mother-s-day-dreamy-delight-cake-one-kg.png','available','no','no','Kg','2023/4/11 17:4:7','2023/5/6 15:53:52','ADMIN'),(20,31,55,'Armaniblack Watch','armaniblack_emporio','armaniblack_emporio.png','available','no','no','pcs','2023/4/12 10:14:32','2023/5/9 23:8:31','ADMIN'),(20,31,56,'Armani Watch for man','armani-watch','titan watch.webp','available','no','no','pcs','2023/4/12 10:15:31','2023/5/9 22:24:42','ADMIN'),(20,31,57,'Women watches','armani-women','watch2.webp','available','no','no','pcs','2023/4/12 10:16:26','2023/5/9 22:25:9','ADMIN'),(20,31,58,'Armani quartz','emporio_armani_quartz','emporio_armani_quartz.png','available','no','no','pcs','2023/4/12 10:17:22','2023/5/9 22:25:24','ADMIN'),(20,31,59,'Kors watch','kors-watch','kors-watch.png','available','no','no','pcs','2023/4/12 10:20:20','2023/5/9 22:25:31','ADMIN'),(20,25,60,'Delicious & Divine cake','delicious-and-divine-cake','p-heavenly-red-velvet-cake-600-gm.png','available','yes','yes','Kg','2023/4/12 10:21:38','2023/5/6 13:14:4','ADMIN'),(20,25,61,'Vanilla cake','finest-vanilla-cake','p-finest-vanilla-cake-half-kg.png','available','no','no','kg','2023/4/12 18:43:6','2023/5/9 23:5:2','ADMIN'),(20,25,62,'Daniels chocolate cake','jack-daniels-chocolate-cake','p-jack-daniels-chocolate-cake-1-kg.png','available','no','yes','Kg','2023/4/12 18:44:25','2023/5/6 13:14:35','ADMIN'),(19,42,63,'Easter day Cake','Cake and gifts','p-hop-bunny-easter-poster-cake-half-kg.png','available','yes','no','Kg','2023/4/14 16:47:8','2023/5/6 13:14:58','ADMIN'),(15,15,64,'Blueberry Cheese cake','Blueberry Cheese cake','p-heavenly-blueberry-cheesecake.png','available','yes','no','Kg','2023/4/14 16:48:27','2023/5/6 13:15:13','ADMIN'),(17,19,65,'Wine Pack','Wine Pack','hennessy_basket.png','available','no','yes','ml','2023/4/27 12:28:29','2023/5/9 22:27:4','ADMIN'),(17,19,67,'Fruit Beer','Fruit Beer','hennessy_basket.png','available','yes','no','Ltr','2023/4/27 12:40:17','2023/5/9 22:27:10','ADMIN'),(20,32,68,'spice container','spice container is used in the kitchen to store spices. Spice containers are a good method of keeping your spices organized and easy to find.','masala-box-spice-rack-spice-jar.webp','','yes','yes','pcs','2023/4/29 12:44:19','2023/4/29 13:43:35','ADMIN'),(20,31,69,'titan watch','Black titan watch for women','watch2.webp','available','yes','yes','pcs','2023/4/29 13:11:37','2023/4/29 13:11:37','ADMIN'),(20,31,70,'Women Watch','Black Dial Analog Watch for Women','watchA1.webp','available','yes','yes','pcs','2023/4/29 13:14:6','2023/4/29 13:14:6','ADMIN'),(20,32,71,'wall hanging','beautiful Wall Hanging ','pngtree-wall-hanging-png.png','available','no','no','pcs','2023/4/29 13:22:38','2023/5/9 20:54:9','ADMIN'),(20,32,72,'Brass swing','Radha krishna Brass Swing','Brass-swing-radha-krishna.png','available','yes','no','pcs','2023/4/29 13:23:30','2023/5/9 22:28:4','ADMIN'),(20,32,73,'radha Kridhna Jhula','radha Kridhna Jhula','Brass-swing-radha-krishna.png','available','no','no','pcs','2023/4/29 13:24:9','2023/5/9 22:28:31','ADMIN'),(20,32,74,'Budhda Statue','Budhda Statue','lord-buddha-sitting-for-meditation.webp','available','no','no','pcs','2023/4/29 13:24:43','2023/5/9 22:28:53','ADMIN'),(20,32,75,'hourglass','p-time-to-shine-personalized-hourglass-7697','antique-brass-desk-watch.png','available','no','no','pcs','2023/4/29 13:25:49','2023/5/9 22:29:2','ADMIN'),(20,32,76,'Wall hanging','Wall hanging','wall hanging.png','available','no','no','pcs','2023/4/29 13:32:27','2023/5/9 22:29:12','ADMIN'),(20,32,77,'Buddha Image','Sand stone buddha Image','buddha-wall-mural.webp','available','yes','yes','pcs','2023/4/29 13:39:16','2023/4/29 13:39:16','ADMIN'),(20,32,78,'ganesh murti','brass ganesh murti','brass-ganesha.png','available','no','no','pcs','2023/4/29 13:40:4','2023/5/9 22:30:35','ADMIN'),(20,32,79,'WallPapers','WallPapers','budhdha image.jpg','available','no','no','pcs','2023/4/29 13:40:40','2023/5/9 22:30:27','ADMIN'),(15,12,80,'Radha Krishna','Radha Krishna','Brass-swing-radha-krishna.png','available','no','no','pcs','2023/4/29 13:41:20','2023/5/9 22:29:46','ADMIN'),(20,32,81,'Frame set','Frame set','Frame-set-8.webp','available','no','no','pcs','2023/4/29 13:42:24','2023/5/9 22:30:17','ADMIN'),(15,11,82,'Buddha statue ','Buddha statue ','budhda statue.jpeg','available','yes','yes','pcs','2023/4/29 13:44:55','2023/4/29 13:44:55','ADMIN'),(15,11,83,'Flower','Flower','p-dream-a-little.png','available','yes','yes','pcs','2023/4/29 13:46:2','2023/5/6 15:55:32','ADMIN'),(20,27,84,'Glass Pair','Glass Pair','1556035373_530x@2x.webp','available','no','no','pcs','2023/5/2 16:37:47','2023/5/9 22:31:22','ADMIN'),(20,30,85,'Anniversary Basket','Anniversary Basket','hennessy_basket.png','available','no','no','pcs','2023/5/2 16:40:14','2023/5/9 22:31:30','ADMIN'),(20,30,86,'Dry Fruits Basket','Dry Fruits Basket','dry-fruit-gift-basket.png','available','no','no','pcs','2023/5/2 16:41:0','2023/5/9 22:31:39','ADMIN'),(20,30,87,'Women Special','Women Basket','women-gift-basket-candles-.png','available','no','no','pcs','2023/5/2 16:42:35','2023/5/9 22:31:46','ADMIN'),(20,30,88,'Chocolates','Chocolates','fabelle.png','available','no','no','pcs','2023/5/2 16:43:17','2023/5/9 22:32:11','ADMIN'),(20,30,89,'Diwali Basket','Diwali Basket','opensecret.png','available','no','no','pcs','2023/5/2 16:43:58','2023/5/9 22:32:19','ADMIN'),(20,32,90,'Wallpaper','Nature Wallpaper','428-4283114_nature-wall-decor.png','available','no','no','pcs','2023/5/4 15:1:45','2023/5/9 22:32:30','ADMIN'),(20,32,91,'Candle set','Candle set','candles-pair-scented.png','available','no','no','pcs','2023/5/4 15:3:38','2023/5/9 22:32:39','ADMIN'),(21,37,92,'Rakhi design watch ','Rakhi design watch ','p-designer-watch-with-ruby-and-cz-stones.webp','available','no','no','pcs','2023/5/4 15:4:50','2023/5/9 22:33:0','ADMIN'),(20,32,93,'candle set','candle set','candles-set-gift.png','available','no','no','pcs','2023/5/4 15:5:34','2023/5/9 22:33:56','ADMIN'),(20,32,94,'candle gift set','candle gift set','candles-gift-set.png','available','no','no','pcs','2023/5/4 15:6:11','2023/5/9 22:33:46','ADMIN'),(19,43,95,'Mom to be','Mom to be','baby-shower-cake.png','available','yes','yes','Kg','2023/5/6 0:29:19','2023/5/6 0:35:10','ADMIN'),(19,43,96,'Baby Shower cake','Baby Shower cake','Blue-Baby-Shower-Cake.png','available','yes','yes','Kg','2023/5/6 0:30:18','2023/5/6 0:30:18','ADMIN'),(19,43,97,'Mom to be','Mom to be','baby2.jpg','available','yes','yes','Kg','2023/5/6 0:31:9','2023/5/6 0:34:24','ADMIN'),(16,13,98,'Wall Hanging','Wooden Wall Hanging','hanging-wooden.png','available','no','no','pcs','2023/5/8 13:49:49','2023/5/9 22:34:35','ADMIN'),(16,13,99,'Photo Frame','Photo Frame','frame-background.png','available','no','no','pcs','2023/5/8 13:50:27','2023/5/9 22:34:41','ADMIN'),(15,11,100,'Chocolate Fudge Cake','Chocolate Fudge Cake','Chocolate Caramel Fudge Cake.png','available','yes','no','Kg','2023/5/9 10:34:51','2023/5/9 10:34:51','ADMIN'),(15,11,101,'Chocolate Basket','This chocolate basket contains 15 chocolates each of different variety. Each chocolate will surprise you with deliciousness and presentation.','dairy milk Chocolate Basket.png','available','no','yes','Kg','2023/5/9 10:36:10','2023/5/9 10:36:10','ADMIN'),(15,11,102,'Chocolate','Chocolates','Full chocolate.png','available','no','no','pcs','2023/5/9 10:45:35','2023/5/9 22:35:35','ADMIN'),(15,12,103,'Photo frame','Photo frame','frame-background.png','available','no','no','pcs','2023/5/9 10:46:29','2023/5/9 22:36:27','ADMIN'),(15,12,104,'Chocolate Fudge Cake','Chocolate Fudge Cake','Chocolate Caramel Fudge Cake.png','available','no','no','Kg','2023/5/9 10:47:25','2023/5/9 22:36:48','ADMIN'),(15,12,105,'Creamy Cake','Creamy Cake','p-delicious-choco-creamy-cake-600-gm.png','available','no','no','Kg','2023/5/9 10:48:13','2023/5/9 22:37:24','ADMIN'),(15,12,106,'Wallet Set','Men\'s Wallet Set','men\'s Wallent Gift Set.png','available','no','no','pcs','2023/5/9 10:49:54','2023/5/9 22:37:17','ADMIN'),(15,12,107,'Watch','Watch For Father','armaniblack_emporio.png','available','no','no','pcs','2023/5/9 10:51:3','2023/5/9 10:51:3','ADMIN'),(15,12,108,'Boss Watch','Boss Watch','boss-.png','available','no','no','pcs','2023/5/9 10:51:38','2023/5/9 22:37:37','ADMIN'),(15,12,109,'Flower Bouquet','Flower Bouquet','cream-roses-bouquet.png','available','no','no','pcs','2023/5/9 10:52:37','2023/5/9 22:37:53','ADMIN'),(15,12,110,'Desk Watch','Desk Watch For father','antique-brass-desk-watch.png','available','no','no','pcs','2023/5/9 10:53:17','2023/5/9 22:38:2','ADMIN'),(15,12,111,'Personal Diary ','Personal Diary ','doodles-personalized-diary.png','available','no','no','pcs','2023/5/9 10:54:54','2023/5/9 22:38:9','ADMIN'),(15,24,112,'Personal Diary','Personal Diary','doodles-personalized-diary.jpg','available','no','no','pcs','2023/5/9 11:13:3','2023/5/9 22:38:17','ADMIN'),(15,24,113,'Chocolate','Chocolate','Full chocolate.png','available','no','no','pcs','2023/5/9 11:13:52','2023/5/9 11:13:52','ADMIN'),(15,24,114,'red Velvet cake','red Velvet cake','p-classic-red-velvet-cake-1-kg-transformed - Copy.png','available','no','no','Kg','2023/5/9 11:14:38','2023/5/9 22:38:47','ADMIN'),(15,24,115,'Funfetty cake','Strawberry Funfetty cake','p-strawberry-funfetti-cake.png','available','no','no','Kg','2023/5/9 11:15:54','2023/5/9 22:38:54','ADMIN'),(15,24,116,'Brass Mug','Brass Mug','silver platted brass beer mug.png','available','no','no','pcs','2023/5/9 11:16:40','2023/5/9 22:39:2','ADMIN'),(15,24,117,'Photo frames','Photo frames','images (7).png','available','no','no','pcs','2023/5/9 11:21:5','2023/5/9 11:21:5','ADMIN'),(15,50,118,'glass set','Wine glass gift set ','wine glass set.png','available','no','no','pcs','2023/5/9 11:24:47','2023/5/9 11:24:47','ADMIN'),(15,51,119,'Heart Shape hanging','Heart Shape wall hanging','hanging-wooden.png','available','no','no','pcs','2023/5/9 11:25:30','2023/5/9 22:39:16','ADMIN'),(15,51,120,'light lamp ','light lamp ','love-you-lamp-gift.png','available','no','no','pcs','2023/5/9 11:26:13','2023/5/9 22:39:24','ADMIN'),(15,51,121,'Teddy','White Teddy','teddy9.png','available','no','no','pcs','2023/5/9 11:26:53','2023/5/9 22:39:34','ADMIN'),(15,51,122,'Rose Bouquet','Rose Bouquet','white_red_orange_roses.png','available','no','no','pcs','2023/5/9 11:27:37','2023/5/9 22:39:41','ADMIN'),(15,51,123,'candle','candle','candles-set-gift.png','available','no','no','pcs','2023/5/9 11:28:48','2023/5/9 22:40:37','ADMIN'),(15,51,124,'Golden Armani watch','Golden Armani watch','armani-women.png','available','no','no','pcs','2023/5/9 11:29:52','2023/5/9 22:40:31','ADMIN'),(15,51,125,'Personal Diary','Personal Diary','mickey-personalized-diary.png','available','no','no','pcs','2023/5/9 11:30:37','2023/5/9 22:40:24','ADMIN'),(15,51,126,'Chocolate Fudge cake','Chocolate Fudge cake','Chocolate Caramel Fudge Cake.png','available','no','no','Kg','2023/5/9 11:31:35','2023/5/9 22:40:16','ADMIN'),(15,51,127,'Chocolate','Chocolate','Full chocolate.png','available','no','no','pcs','2023/5/9 11:32:57','2023/5/9 22:40:7','ADMIN'),(15,51,128,'Rainbow cake','Rainbow cake','theme_cakes_igp_frames.png','available','no','no','Kg','2023/5/9 11:33:50','2023/5/9 22:40:49','ADMIN'),(15,51,129,'Photo frame','Photo frame','rectangle-wood.png','available','no','no','pcs','2023/5/9 11:34:51','2023/5/9 22:40:57','ADMIN'),(15,51,130,'Finger Rings','Finger Rings','tahera fancy finger ring.png','available','no','no','pcs','2023/5/9 11:36:35','2023/5/9 22:41:6','ADMIN'),(15,40,131,'Toys','Toys','bubble gun toy.png','available','no','no','pcs','2023/5/9 11:37:38','2023/5/9 22:41:14','ADMIN'),(15,40,132,'Cartoon watch','Cartoon watch','cartoon character watches.png','available','no','no','pcs','2023/5/9 11:38:14','2023/5/9 22:41:21','ADMIN'),(15,40,133,'Basket ball game','Basket ball game','hand pocket basketball game.png','available','no','yes','pcs','2023/5/9 11:38:54','2023/5/9 11:38:54','ADMIN'),(15,40,134,'Stationary','Stationary','stationary set.png','available','no','no','pcs','2023/5/9 11:39:44','2023/5/9 11:39:44','ADMIN'),(15,40,135,'Dinasaur toy','Dinasaur toy','nsforming dinosaur.png','available','no','no','pcs','2023/5/9 11:40:41','2023/5/9 22:41:35','ADMIN'),(15,40,136,'pencil box','pencil box','funblast multifunctional pencil box.png','available','no','no','pcs','2023/5/9 11:41:30','2023/5/9 11:41:30','ADMIN'),(15,40,137,'Chocolate','Chocolate','Full chocolate.png','available','no','no','pcs','2023/5/9 11:42:16','2023/5/9 11:42:16','ADMIN'),(15,40,138,'Teddy bear','Teddy bear','teddy7.png','available','no','yes','pcs','2023/5/9 11:43:24','2023/5/9 22:42:29','ADMIN'),(15,11,139,'Watch','Watch','watch3.webp','available','no','no','pcs','2023/5/9 11:44:40','2023/5/9 11:44:40','ADMIN'),(15,50,140,'Puzzle game','Puzzle game','wooden 4D puzzle game.png','available','no','no','pcs','2023/5/9 11:46:15','2023/5/9 22:42:38','ADMIN'),(15,50,141,'Football','Football','USB rechargable hover football.png','available','no','no','pcs','2023/5/9 11:46:50','2023/5/9 11:46:50','ADMIN'),(15,50,142,'Chocolates','Chocolates','Full chocolate.png','available','no','no','pcs','2023/5/9 11:47:43','2023/5/9 22:42:59','ADMIN'),(15,11,143,'Teddy bear','Teddy bear','teddy6.png','available','no','no','pcs','2023/5/9 11:48:44','2023/5/9 22:43:26','ADMIN'),(15,50,144,'Titan Watch','Titan Watch','titan watch.webp','available','no','no','pcs','2023/5/9 11:49:38','2023/5/9 11:49:38','ADMIN'),(15,50,145,'Perfume','Perfume','perfume5.png','available','no','no','pcs','2023/5/9 11:51:8','2023/5/9 11:51:8','ADMIN'),(15,11,146,'Perfume','Perfume','pergume9.png','available','no','no','pcs','2023/5/9 11:51:42','2023/5/9 11:51:42','ADMIN'),(15,51,147,'Perfume','Perfume','perfume4.png','available','no','no','pcs','2023/5/9 11:52:17','2023/5/9 11:52:17','ADMIN'),(20,25,148,'Baby Cake','Baby Cake','baby2-transformed.png','available','yes','yes','Kg','2023/5/9 13:52:24','2023/5/9 22:44:18','ADMIN'),(20,25,149,'Baby Cake','Baby Cake','Blue-Baby-Shower-Cake-transformed.png','available','no','yes','Kg','2023/5/9 13:52:56','2023/5/9 22:44:25','ADMIN'),(20,25,150,'Red velvet Cake','Red velvet Cake','p-classic-red-velvet-cake-1-kg-transformed - Copy.png','available','yes','no','Kg','2023/5/9 13:53:32','2023/5/9 22:44:48','ADMIN'),(20,25,151,'Delicious cake','Delicious cake','p-delicious-cake-with-intricate-design-600-gm-transformed.png','available','no','no','Kg','2023/5/9 13:54:28','2023/5/9 13:54:28','ADMIN'),(20,25,152,'Chocolate Creamy Cake','Chocolate Creamy Cake','p-delicious-choco-creamy-cake-600-gm.png','available','no','yes','Kg','2023/5/9 13:55:8','2023/5/9 22:45:7','ADMIN'),(20,25,153,'Creamy cake','Creamy cake','Chocolate Caramel Fudge Cake.png','available','yes','no','Kg','2023/5/9 13:56:18','2023/5/9 22:45:19','ADMIN'),(20,26,154,'White Rose ','White Rose ','cream-roses-bouquet.png','available','no','yes','pcs','2023/5/9 15:0:28','2023/5/9 22:45:26','ADMIN'),(20,29,155,'Teddy ','Teddy ','teddy1.png','available','no','yes','pcs','2023/5/9 15:1:54','2023/5/9 22:45:35','ADMIN'),(20,26,157,'Pink Bouquet','Pink Bouquet','roses-carnation-lily-bouquet.png','available','no','no','pcs','2023/5/9 15:3:38','2023/5/9 15:3:38','ADMIN'),(20,29,158,'Teddy','Teddy','teddy2.jpeg','available','yes','no','pcs','2023/5/9 15:13:15','2023/5/9 22:45:41','ADMIN'),(20,29,159,'Combo Teddy','Combo teddy','Couple teddy.png','available','no','no','pcs','2023/5/9 15:14:1','2023/5/9 17:14:28','ADMIN'),(20,29,160,'Love Teddy ','Love Teddy  Set','teddy7.png','available','no','yes','pcs','2023/5/9 15:14:39','2023/5/9 22:45:52','ADMIN'),(20,29,162,'White Cute Teddy','White Teddy','White teddy.png','available','no','no','pcs','2023/5/9 15:17:25','2023/5/9 17:20:10','ADMIN'),(20,29,163,'White heart Teddy','White heart Teddy','teddy8.png','available','no','yes','pcs','2023/5/9 15:18:7','2023/5/9 22:46:0','ADMIN'),(20,26,164,'orange Rose','orange Rose','elite-orange-roses.png','available','no','no','pcs','2023/5/9 15:20:21','2023/5/9 15:20:21','ADMIN'),(20,26,165,'Red leaf Rose','Red leaf Rose','red_leaf_roses.png','available','no','no','pcs','2023/5/9 15:27:35','2023/5/9 15:27:35','ADMIN'),(20,28,166,'Chocolate ','Chocolate','p-chocolaty-goodness-191630-m.png','available','yes','yes','pcs','2023/5/9 15:42:22','2023/5/9 23:2:23','ADMIN'),(20,28,167,'Heart Chocolate','Heart Chocolate','p-hearts-kisses-choco-treats-200427-m.png','available','yes','yes','pcs','2023/5/9 15:43:20','2023/5/9 23:2:16','ADMIN'),(20,28,168,'Love Mom chocolate','Love Mom chocolate','p-love-you-mom-mother-s-day-hamper-205437-m.png','available','yes','no','pcs','2023/5/9 15:44:40','2023/5/9 23:1:54','ADMIN'),(20,28,169,'Berry Bite Chocolate','Berry Bite Chocolate','p-berry-bites-199943-m.png','available','yes','yes','pcs','2023/5/9 15:45:44','2023/5/9 23:1:46','ADMIN'),(20,28,170,'Chocolious Treat','Chocolious Treat','p-a-chocolicious-treat-182133-m.png','available','yes','yes','pcs','2023/5/9 15:46:24','2023/5/9 22:46:49','ADMIN'),(20,28,171,'Converture','Converture','p-premium-couverture-chocolate-hamper-191990-m.png','available','no','no','pcs','2023/5/9 15:48:8','2023/5/9 15:48:8','ADMIN'),(20,28,172,'Chocolate box','Chocolate box','p-health-conscious-gourmet-box-203911-m.png','available','no','no','pcs','2023/5/9 15:48:40','2023/5/9 15:48:40','ADMIN'),(20,28,173,'Pink Chocolate Bouquet','Pink Chocolate Bouquet','p-expressive-pink-chocolate-bouquet-178341-m.png','available','no','no','pcs','2023/5/9 15:51:6','2023/5/9 15:51:6','ADMIN'),(20,28,174,'Purple Chocloate Bouquet','Purple Chocloate Bouquet','purple Bouquet.jpg','available','no','yes','pcs','2023/5/9 15:51:48','2023/5/9 16:36:8','ADMIN'),(20,28,175,'Chocolate','Chocolate','Full chocolate.png','available','yes','yes','pcs','2023/5/9 16:13:54','2023/5/9 22:47:2','ADMIN'),(17,18,176,'Kitkat chocolate Basket','Kitkat chocolate Basket','kitkat.webp','available','yes','yes','pcs','2023/5/9 17:49:28','2023/5/9 20:42:33','ADMIN'),(17,44,177,'Kitkat Basket','Kitkat Basket','kitkat.webp','available','no','yes','pcs','2023/5/9 20:55:41','2023/5/9 20:55:41','ADMIN'),(17,45,178,'Kitkat Basket','Womens Special Kitkat basket','kitkat.webp','available','yes','no','pcs','2023/5/9 20:57:7','2023/5/9 22:47:12','ADMIN'),(17,44,179,'Chocolate Gift tray','Chocolate Gift tray','p-loving-chocolate-gift-tray-with-personalized-card-153069-m.png','available','no','yes','pcs','2023/5/9 20:58:2','2023/5/9 22:57:8','ADMIN'),(17,44,180,'Delicious Box','Delicious chocolate Box','p-dark-n-delicious-box-204469-m.png','available','no','yes','pcs','2023/5/9 20:58:57','2023/5/9 22:57:46','ADMIN'),(17,45,181,'Chocolate Goodness','Chocolate Goodness','p-chocolaty-goodness-191630-m.png','available','no','yes','Kg','2023/5/9 20:59:52','2023/5/9 22:57:53','ADMIN'),(17,45,182,'Basket treat','Basket treat','p-delicious-treats-in-a-basket-191604-m.png','available','no','yes','pcs','2023/5/9 21:1:21','2023/5/9 22:58:0','ADMIN'),(17,44,183,'Chocolious Treat','Chocolious Treat','p-a-chocolicious-treat-182133-m.png','available','yes','no','pcs','2023/5/9 21:3:1','2023/5/9 22:58:7','ADMIN'),(17,45,184,'Mother\'s day hamper','Mother\'s day hamper','p-tasteful-offerings-mother-s-day-hamper-170580-m.png','available','no','yes','pcs','2023/5/9 21:3:47','2023/5/9 22:58:15','ADMIN'),(17,17,185,'Fruits Basket','Fruits Basket','217-2178511_fruit-basket.png','available','yes','yes','Kg','2023/5/9 21:23:34','2023/5/9 22:58:24','ADMIN'),(17,17,186,'Wedding Special','Wedding Special','Weddinf Special.png','available','yes','no','Kg','2023/5/9 21:27:37','2023/5/9 22:58:30','ADMIN'),(17,17,187,'Special Fruit Basket','Special Fruit Basket','fruit basket.jpeg','available','yes','yes','Kg','2023/5/9 21:31:27','2023/5/9 21:31:27','ADMIN'),(19,23,188,'Heart Shape Bouquet','Heart Shape Bouquet','p-heart-shaped-basket-of-red-roses-with-teddy-112472-m.png','available','no','no','pcs','2023/5/9 21:47:17','2023/5/9 22:58:56','ADMIN'),(19,23,189,'Bouquet of positivity','Bouquet of positivity','p-basket-of-positivity-199430-m.png','available','no','no','pcs','2023/5/9 21:48:11','2023/5/9 22:59:6','ADMIN'),(19,23,190,'Basket Hamper','Basket Hamper','p-reindeer-s-basket-hamper-196928-m.png','available','no','no','pcs','2023/5/9 21:49:19','2023/5/9 22:59:29','ADMIN'),(19,34,191,'My dad gift hamper','My dad gift hamper','p-my-dad-my-superhero-jar-cake-hamper-179128-m.png','available','no','no','pcs','2023/5/9 21:50:16','2023/5/9 22:59:36','ADMIN'),(19,23,192,'Perfect Bouquet','Perfect Bouquet','p-the-perfect-toast-205344-m.png','available','no','no','pcs','2023/5/9 21:51:29','2023/5/9 22:59:53','ADMIN'),(19,23,193,'Pink Roses Bouquet','Pink Roses Bouquet','p-elegant-rose-bouquet-139330-m.png','available','no','no','pcs','2023/5/9 21:52:22','2023/5/9 23:0:0','ADMIN'),(19,23,194,'Vibrant Bouquet','Vibrant Bouquet','p-vibrant-hues-bouquet-190878-m.png','available','no','no','pcs','2023/5/9 21:53:1','2023/5/9 23:0:8','ADMIN'),(19,33,195,'Crystal Rose Bouquet','Crystal Rose Bouquet','p-crystal-roses-bouquet-178335-m.png','available','no','no','pcs','2023/5/9 21:53:40','2023/5/9 21:53:40','ADMIN'),(19,34,196,'Roses','Roses','p-romance-roses-bouquet-203181-m.png','available','no','no','pcs','2023/5/9 21:54:15','2023/5/9 21:54:15','ADMIN'),(19,47,197,'Orchid Bouquet','Orchid Bouquet','p-opulent-orchids-bouquet-109604-m.png','available','no','no','pcs','2023/5/9 21:54:50','2023/5/9 21:54:50','ADMIN'),(19,48,198,'Floral Bouquet','Floral Bouquet','p-floral-enchantment-bouquet-132891-m.png','available','no','no','pcs','2023/5/9 21:55:32','2023/5/9 21:55:32','ADMIN'),(16,22,199,'Red Heart Bouquet','Red Heart Bouquet','p-beating-hearts-bouquet-196414-m.png','available','no','no','pcs','2023/5/9 22:16:12','2023/5/9 23:0:34','ADMIN'),(20,27,200,'Champagne','Champagne','Glassy Pair Champagne Glass.png','available','yes','no','pcs','2023/5/10 2:15:51','2023/5/10 2:15:51','ADMIN'),(20,27,201,'Champagne Glass','Champagne Glass','Champagne Glasses.png','available','no','','pcs','2023/5/10 2:18:40','2023/5/10 2:18:40','ADMIN'),(20,27,202,'Cups','Cups','cups.png','available','no','yes','pcs','2023/5/10 2:19:26','2023/5/10 2:19:26','ADMIN'),(20,27,203,'Love Glass Pair','Love Glass Pair','love Champagne Glass.png','available','no','no','pcs','2023/5/10 2:20:15','2023/5/10 2:20:15','ADMIN'),(20,26,204,'Shunshine bouquet','Shunshine bouquet','p-sunshine-charm-bouquet-204535-m.png','available','no','no','pcs','2023/5/10 2:29:50','2023/5/10 2:29:50','ADMIN'),(20,26,205,'Crystal rose Bouquet','Crystal rose Bouquet','p-crystal-roses-bouquet-178335-m.png','available','no','no','pcs','2023/5/10 2:30:34','2023/5/10 2:30:34','ADMIN'),(20,26,206,'Vibrant Bouquet','Vibrant Bouquet','p-vibrant-hues-bouquet-190878-m.png','available','no','no','pcs','2023/5/10 2:31:15','2023/5/10 2:31:15','ADMIN'),(20,26,207,'Pink rose Bouquet','Pink rose Bouquet','p-elegant-rose-bouquet-139330-m.png','available','no','no','pcs','2023/5/10 2:32:6','2023/5/10 2:32:6','ADMIN');
/*!40000 ALTER TABLE `product` ENABLE KEYS */;
UNLOCK TABLES;

--
-- Table structure for table `productlist`
--

DROP TABLE IF EXISTS `productlist`;
/*!40101 SET @saved_cs_client     = @@character_set_client */;
 SET character_set_client = utf8mb4 ;
CREATE TABLE `productlist` (
  `productlistid` int(11) NOT NULL AUTO_INCREMENT,
  `categoryid` int(11) NOT NULL,
  `subcategoryid` int(11) DEFAULT NULL,
  `productid` int(11) DEFAULT NULL,
  `weight` varchar(100) DEFAULT NULL,
  `price` int(11) DEFAULT NULL,
  `offerprice` int(11) DEFAULT NULL,
  `discription` text,
  `image` text,
  `createdby` text,
  `updatedat` text,
  `createdat` text,
  PRIMARY KEY (`productlistid`)
) ENGINE=InnoDB AUTO_INCREMENT=262 DEFAULT CHARSET=utf8mb4 COLLATE=utf8mb4_0900_ai_ci;
/*!40101 SET character_set_client = @saved_cs_client */;

--
-- Dumping data for table `productlist`
--

LOCK TABLES `productlist` WRITE;
/*!40000 ALTER TABLE `productlist` DISABLE KEYS */;
INSERT INTO `productlist` VALUES (7,15,24,15,'10',100,90,'varieties of fregrences','musk.webp,perfume2.png,perfume3.png,perfume4.png,','ADMIN','2023/4/10 17:59:49','2023/4/10 17:59:49'),(8,15,15,40,'1',460,400,'Lion face Cake','p-delicious-lion-face-cake-half-kg.webp,p-delicious-lion-face-cake-half-kg-second.webp,p-delicious-lion-face-cake-half-kg-thirdimg.webp,','ADMIN','2023/4/11 16:40:34','2023/4/11 16:40:34'),(9,15,15,44,'1',1200,1150,'Delicious cake with unique design','p-delicious-and-divine-cake-600-gm.jpg,p-delicious-and-divine-cake-600-gm-second.webp,p-delicious-and-divine-cake-600-gm-thirdimg.jpg,','ADMIN','2023/4/11 16:42:25','2023/4/11 16:42:25'),(10,20,25,61,'half',1200,1000,'A heavenly cake for an occasion that calls for showering of unlimited love. This creamy and delicious cake is the perfect choice for birthdays, anniversaries and all other special celebrations. Featuring red and white frosting, this cake is both pretty and yummy. Key attributes :','p-finest-vanilla-cake-half-kg.webp,p-finest-vanilla-cake-half-kg-forthimg.webp,p-finest-vanilla-cake-half-kg-secondimg.jpg,p-finest-vanilla-cake-half-kg--thirdimg.webp,','ADMIN','2023/4/12 18:47:15','2023/4/12 18:47:15'),(11,20,25,62,'half',1598,1400,'We all have that one friend whose one true love is a bottle of aged, smooth whiskey. This Jack Daniels cake is the perfect choice for them. This yummy cake features bottle of JD made of fondant on top of the cake. Key attributes ','p-jack-daniels-chocolate-cake-1-kg.webp,p-jack-daniels-chocolate-cake-1-kg-second.webp,p-jack-daniels-chocolate-cake-1-kg-thirdimg.webp,','ADMIN','2023/4/12 18:49:42','2023/4/12 18:49:42'),(12,19,42,63,'half',1200,110,'This tempting half kg poster cake is an absolute delight and just melts in the mouth. Baked to perfection and decorated with the Easter bunny, this cake will surely fill your guests tummy with complete satisfaction.','p-hop-bunny-easter-poster-cake-half-kg.jpg,p-hop-bunny-easter-poster-cake-half-kg-secondimg.jpg,p-hop-bunny-easter-poster-cake-half-kg-thirdimg.webp,','ADMIN','2023/4/14 16:50:50','2023/4/14 16:50:50'),(13,15,15,64,'half',900,890,'Like a piece of the sky fell into creamy rich flavours, this fruity indulgence is a sight to behold. Smooth white cheese mousse, fresh blueberry compote and a spritz of cocoa butter coalesce to create layers, laden with enticing textures. Just a bite is enough to wholly immerse in its dreaminess.','p-heavenly-blueberry-cheesecake.webp,p-heavenly-blueberry-cheesecake-forthimg.webp,p-heavenly-blueberry-cheesecake-secondimg.webp,p-heavenly-blueberry-cheesecake-thirdimg.webp,','ADMIN','2023/4/14 16:59:0','2023/4/14 16:59:0'),(14,15,15,64,'1',1500,1400,'Like a piece of the sky fell into creamy rich flavours, this fruity indulgence is a sight to behold. Smooth white cheese mousse, fresh blueberry compote and a spritz of cocoa butter coalesce to create layers, laden with enticing textures. Just a bite is enough to wholly immerse in its dreaminess.','p-heavenly-blueberry-cheesecake.webp,','ADMIN','2023/4/15 15:21:46','2023/4/15 15:21:46'),(15,15,15,64,'2',2000,1800,'','p-heavenly-blueberry-cheesecake.webp,','ADMIN','2023/4/15 15:23:29','2023/4/15 15:23:29'),(16,17,19,65,'600',2500,2300,' a wine basket consists of a basket which holds several bottles of wine and a packing material which is designed to prevent damage.','cocktail-liquor-whiskey-drunk.png,hennessy_basket.png,liquor-bottle.png,','ADMIN','2023/4/27 12:36:57','2023/4/27 12:36:57'),(17,17,19,67,'half',1200,1000,'Fruit beer is a beer made from malt-scented strawberries, plums, raspberries, and cherries. It\'s an additive- or flavoring-containing form.','coolberg-beer-cranberry-non-alcoholic.webp,coolberg-beer-cranberry-non-alcoholic3.jpg,coolberg-non-alcoholic-cranberry-beer-275ml.webp,','ADMIN','2023/4/27 12:43:45','2023/4/27 12:43:45'),(18,17,19,67,'1',5050,4080,'Fruit beer is a beer made from malt-scented strawberries, plums, raspberries, and cherries. It\'s an additive- or flavoring-containing form.','coolberg-beer-cranberry-non-alcoholic.webp,coolberg-non-alcoholic-cranberry-beer-275ml.webp,','ADMIN','2023/4/27 12:47:5','2023/4/27 12:47:5'),(19,20,32,68,'1',1500,1200,'spice container is used in the kitchen to store spices. Spice containers are a good method of keeping your spices organized and easy to find.','handkraft spice container.webp,masala-box-spice-rack-spice-jar.webp,p-handcrafted-wooden-spices-container-with-spoon.webp,spice box.jpeg,','ADMIN','2023/4/29 12:51:0','2023/4/29 12:51:0'),(20,20,31,55,'1',1590,1250,'Black Dial Analog Watch for Women','png-clipart-titan-company-watch-2.png,','ADMIN','2023/4/29 13:10:31','2023/4/29 13:10:31'),(21,20,31,69,'1',1700,1200,'Titan Black Dial Analog Watch for Women','watch2.webp,watch3.webp,watch4.webp,watch5.webp,watch6.webp,','ADMIN','2023/4/29 13:13:28','2023/4/29 13:13:28'),(22,20,31,70,'1',2500,2260,'Black Dial Analog Watch for Women','watchA1.webp,watchA2.webp,watchA3.webp,watchA4 Black dial gold rose metal strap watch.webp,watch6.webp,','ADMIN','2023/4/29 13:15:24','2023/4/29 13:15:24'),(23,19,43,95,'half',1200,1000,'Baby Shower Gifts are the most memorable gifts ever for every women','Blue-Baby-Shower-Cake.png,','ADMIN','2023/5/6 0:38:39','2023/5/6 0:38:39'),(24,19,43,97,'1',1800,1500,'Baby Shower Gifts  ','Blue-Baby-Shower-Cake.png,Blue-Baby-Shower-Cake.png,','ADMIN','2023/5/6 0:40:1','2023/5/6 0:40:1'),(25,19,43,97,'half',1200,1000,'mom to be special cake','Blue-Baby-Shower-Cake.png,','ADMIN','2023/5/6 0:41:47','2023/5/6 0:41:47'),(26,19,43,97,'2',2500,2200,'baby Shower cake','Blue-Baby-Shower-Cake.png,Blue-Baby-Shower-Cake.png,','ADMIN','2023/5/6 0:42:29','2023/5/6 0:42:29'),(27,19,43,96,'half',2000,1745,'Baby Shower','Blue-Baby-Shower-Cake.png,','ADMIN','2023/5/6 0:48:47','2023/5/6 0:48:47'),(28,19,43,96,'1',3200,2800,'Baby Shower','Blue-Baby-Shower-Cake.png,','ADMIN','2023/5/6 0:50:16','2023/5/6 0:50:16'),(29,19,43,96,'2',4500,3800,'Baby Shower','Blue-Baby-Shower-Cake.png,','ADMIN','2023/5/6 0:50:56','2023/5/6 0:50:56'),(30,19,43,95,'1',2600,1900,'Mom to be Special','baby-shower-cake.png,','ADMIN','2023/5/6 0:51:35','2023/5/6 0:51:35'),(31,16,16,13,'half',580,440,'Anniverssary special Designed cake ','p-classic-red-velvet-cake-1-kg-transformed.png,p-delicious-and-divine-cake-600-gm-second-transformed.png,p-delicious-and-divine-cake-600-gm-thirdimg-transformed.png,p-heart-shaped-red-velvet-cake-half-kg.png,','ADMIN','2023/5/8 13:44:27','2023/5/8 13:44:27'),(32,16,16,13,'1',680,600,'Anniverssary special ','p-classic-red-velvet-cake-1-kg-transformed.png,','ADMIN','2023/5/8 13:45:27','2023/5/8 13:45:27'),(33,16,16,13,'2',1200,950,'Anniverssary Special cake','p-classic-red-velvet-cake-1-kg-transformed.png,','ADMIN','2023/5/8 13:46:9','2023/5/8 13:46:9'),(34,16,16,13,'5',5500,4200,'Anniverssary Special Cakes','p-classic-red-velvet-cake-1-kg-transformed - Copy.png,p-classic-red-velvet-cake-1-kg-transformed.png,p-delicious-and-divine-cake-600-gm-second-transformed - Copy.png,p-delicious-and-divine-cake-600-gm-second-transformed.png,p-delicious-and-divine-cake-600-gm-thirdimg-transformed.png,','ADMIN','2023/5/8 13:47:27','2023/5/8 13:47:27'),(35,15,11,46,'half',550,400,'Mom\'s bday special Cake','p-mother-s-day-dreamy-delight-cake-one-kg.png,','ADMIN','2023/5/9 10:2:22','2023/5/9 10:2:22'),(36,15,11,46,'1',850,700,'Mom\'s special Cake','p-mother-s-day-dreamy-delight-cake-one-kg.png,','ADMIN','2023/5/9 10:3:43','2023/5/9 10:3:43'),(37,15,11,46,'2',1950,1700,'Mom\'s bday Special Cake','p-mother-s-day-dreamy-delight-cake-one-kg.png,','ADMIN','2023/5/9 10:4:37','2023/5/9 10:4:37'),(38,15,11,46,'5',4200,3500,'Mom\'s Bday Special Best mom cake','p-mother-s-day-dreamy-delight-cake-one-kg.png,p-moon-and-stars-cake-1-kg.png,p-mother-s-day-dreamy-delight-cake-one-kg.png,','ADMIN','2023/5/9 10:5:29','2023/5/9 10:5:29'),(39,15,11,82,'1',880,750,'Budhdha Statue for Mom ','buddha-wall-mural.webp,budhda statue.jpeg,','ADMIN','2023/5/9 10:24:24','2023/5/9 10:24:24'),(40,15,11,82,'2',1200,1000,'This hand pose symbolises a shield. The pose can also represent a second meaning of overcoming fear.','buddha-wall-mural.webp,budhda statue.jpeg,budhda statue.jpeg,','ADMIN','2023/5/9 10:26:35','2023/5/9 10:26:35'),(41,15,11,82,'4',3200,2500,'This hand pose symbolises a shield. The pose can also represent a second meaning of overcoming fear.','buddha-wall-mural.webp,budhda statue.jpeg,buddha-wall-mural.webp,budhda statue.jpeg,','ADMIN','2023/5/9 10:27:20','2023/5/9 10:27:20'),(42,15,11,83,'1',1200,1000,' flower bouquet is a collection of flowers in a creative arrangement. Flower bouquets can be arranged for the decor of homes or public buildings, or may be handheld.','p-dream-a-little.png,p-dream-a-little.png,','ADMIN','2023/5/9 10:31:24','2023/5/9 10:31:24'),(43,15,11,83,'2',2200,1800,' flower bouquet is a collection of flowers in a creative arrangement. Flower bouquets can be arranged for the decor of homes or public buildings, or may be handheld.','p-dream-a-little.png,p-dream-a-little.png,','ADMIN','2023/5/9 10:32:28','2023/5/9 10:32:28'),(44,15,11,83,'5',4000,3200,' flower bouquet is a collection of flowers in a creative arrangement. Flower bouquets can be arranged for the decor of homes or public buildings, or may be handheld.','p-dream-a-little.png,p-dream-a-little.png,','ADMIN','2023/5/9 10:33:21','2023/5/9 10:33:21'),(45,15,11,101,'1',2000,1500,'This chocolate basket contains 15 chocolates each of different variety. Each chocolate will surprise you with deliciousness and presentation.','dairy milk Chocolate Basket.png,dairy milk Chocolate Basket.png,','ADMIN','2023/5/9 10:36:54','2023/5/9 10:36:54'),(46,15,11,101,'2',3500,2800,'This chocolate basket contains 15 chocolates each of different variety. Each chocolate will surprise you with deliciousness and presentation.','dairy milk Chocolate Basket.png,Chocolate.png,Full chocolate.png,','ADMIN','2023/5/9 10:41:58','2023/5/9 10:41:58'),(47,15,11,101,'5',5500,4200,'This chocolate basket contains 15 chocolates each of different variety. Each chocolate will surprise you with deliciousness and presentation.','Chocolate.png,Full chocolate.png,','ADMIN','2023/5/9 10:43:26','2023/5/9 10:43:26'),(48,15,12,49,'1',1200,1000,'A picture frame is a container that borders the perimeter of a picture, and is used for the protection, display, and visual appreciation of objects and imagery such as photographs, canvas paintings, drawings and prints, posters, mirrors, shadow box memorabilia, and textiles.','father special gift.avif,frame-background.png,','ADMIN','2023/5/9 10:57:57','2023/5/9 10:57:57'),(49,15,12,52,'half',500,420,'It must have a uniform texture throughout; lumpy, hard, crumbly, or coarse cakes are undesirable. It should feel soft but hold its shape and not crumble if you press it lightly.','p-best-dad-chocolate-cake-half-kg.png,p-best-dad-chocolate-cake-half-kg-secondimg.png,','ADMIN','2023/5/9 11:1:27','2023/5/9 11:1:27'),(50,15,12,52,'1',900,750,'It must have a uniform texture throughout; lumpy, hard, crumbly, or coarse cakes are undesirable. It should feel soft but hold its shape and not crumble if you press it lightly.','p-best-dad-chocolate-cake-half-kg.png,p-best-dad-chocolate-cake-half-kg-secondimg.png,p-best-dad-chocolate-cake-half-kg.png,p-best-dad-chocolate-cake-half-kg-secondimg.png,','ADMIN','2023/5/9 11:2:52','2023/5/9 11:2:52'),(51,15,12,52,'3',1200,1050,'It must have a uniform texture throughout; lumpy, hard, crumbly, or coarse cakes are undesirable. It should feel soft but hold its shape and not crumble if you press it lightly.','p-best-dad-chocolate-cake-half-kg.png,p-best-dad-chocolate-cake-half-kg-secondimg.png,','ADMIN','2023/5/9 11:3:29','2023/5/9 11:3:29'),(52,15,12,52,'5',3200,2800,'It must have a uniform texture throughout; lumpy, hard, crumbly, or coarse cakes are undesirable. It should feel soft but hold its shape and not crumble if you press it lightly.','p-best-dad-chocolate-cake-half-kg.png,p-best-dad-chocolate-cake-half-kg-secondimg.png,','ADMIN','2023/5/9 11:4:16','2023/5/9 11:4:16'),(53,15,50,118,'1',400,300,'Wine glass Set','Glassy Pair Champagne Glass.png,','ADMIN','2023/5/9 11:54:15','2023/5/9 11:54:15'),(54,15,50,118,'2',900,750,'Wine glass Set','Champagne Glasses.png,Glassy Pair Champagne Glass.png,','ADMIN','2023/5/9 11:55:12','2023/5/9 11:55:12'),(55,15,50,118,'5',2000,1800,'Wine glass set','Champagne Glasses.png,Glassy Pair Champagne Glass.png,love Champagne Glass.png,','ADMIN','2023/5/9 11:56:13','2023/5/9 11:56:13'),(56,15,50,140,'1',1200,1000,'Puzzle game set','wooden 4D puzzle game.png,','ADMIN','2023/5/9 11:57:23','2023/5/9 11:57:23'),(57,15,50,140,'2',2200,1800,'Puzzle game set','wooden 4D puzzle game.png,','ADMIN','2023/5/9 11:57:59','2023/5/9 11:57:59'),(58,15,50,141,'1',850,700,'Football','USB rechargable hover football.png,','ADMIN','2023/5/9 11:58:33','2023/5/9 11:58:33'),(59,15,50,142,'1',400,350,'Chocolates','Chocolate.png,Full chocolate.png,','ADMIN','2023/5/9 11:59:21','2023/5/9 11:59:21'),(60,15,50,142,'2',800,550,'Chocolates','Chocolate.png,Full chocolate.png,Chocolate.png,Full chocolate.png,','ADMIN','2023/5/9 11:59:52','2023/5/9 11:59:52'),(61,15,50,144,'1',2500,2200,'Titan watch','png-clipart-titan-company-watch-2.png,titan watch.webp,','ADMIN','2023/5/9 12:1:48','2023/5/9 12:1:48'),(62,15,50,145,'1',1200,1100,'Perfume','David Beckham perfume.webp,perfume5.png,','ADMIN','2023/5/9 12:3:0','2023/5/9 12:3:0'),(63,15,40,39,'1',500,400,'Lion face cake For Kids','p-delicious-lion-face-cake-half-kg.png,p-delicious-lion-face-cake-half-kg-second.png,p-delicious-lion-face-cake-half-kg-thirdimg.png,','ADMIN','2023/5/9 12:6:38','2023/5/9 12:6:38'),(64,15,40,39,'2',1200,1000,'Lion face cake for Kids','p-delicious-lion-face-cake-half-kg.png,p-delicious-lion-face-cake-half-kg-second.png,p-delicious-lion-face-cake-half-kg-thirdimg.png,','ADMIN','2023/5/9 12:7:37','2023/5/9 12:7:37'),(65,15,40,39,'5',2500,2200,'Lion face cake for Kids','p-delicious-lion-face-cake-half-kg.png,p-delicious-lion-face-cake-half-kg-second.png,p-delicious-lion-face-cake-half-kg-thirdimg.png,','ADMIN','2023/5/9 12:8:26','2023/5/9 12:8:26'),(66,15,40,131,'1',600,400,'Kids Toys','bubble gun toy.png,bubble gun toy.png,','ADMIN','2023/5/9 12:9:34','2023/5/9 12:9:34'),(67,15,40,131,'2',1200,1000,'Toys For kids','bubble gun toy.png,bubble gun toy.png,','ADMIN','2023/5/9 12:10:11','2023/5/9 12:10:11'),(68,15,40,131,'5',2500,2000,'kids Toys Set','bubble gun toy.png,bubble gun toy.png,','ADMIN','2023/5/9 12:11:1','2023/5/9 12:11:1'),(69,15,40,132,'1',800,600,'Cartoon Watch','cartoon character watches.png,','ADMIN','2023/5/9 12:12:6','2023/5/9 12:12:6'),(70,15,40,133,'1',600,400,'Hand Basketball Game','hand pocket basketball game.png,','ADMIN','2023/5/9 12:13:0','2023/5/9 12:13:0'),(71,15,40,135,'1',800,600,'Dinasaur Toy','nsforming dinosaur.png,','ADMIN','2023/5/9 12:14:29','2023/5/9 12:14:29'),(72,15,40,134,'1',900,700,'Stationary Box','stationary set.png,','ADMIN','2023/5/9 12:15:9','2023/5/9 12:15:9'),(73,15,40,138,'5',5500,4500,'Teddy bear ','teddy1.png,teddy2.jpeg,teddy3.png,teddy4.jpeg,','ADMIN','2023/5/9 12:16:14','2023/5/9 12:16:14'),(74,15,40,136,'1',400,350,'Pencilbox Gift','funblast multifunctional pencil box.png,funblast multifunctional pencil box.png,','ADMIN','2023/5/9 12:18:22','2023/5/9 12:18:22'),(75,20,25,60,'half',1500,1200,'Delicious & designed Cake','p-delicious-and-divine-cake-600-gm-second-transformed - Copy.png,p-delicious-and-divine-cake-600-gm-second-transformed.png,p-delicious-and-divine-cake-600-gm-thirdimg-transformed.png,p-heavenly-red-velvet-cake-600-gm.png,','ADMIN','2023/5/9 14:0:57','2023/5/9 14:0:57'),(76,20,25,60,'1',2200,1800,'Delicious And  Designed Divine Cake','p-delicious-and-divine-cake-600-gm-second-transformed - Copy.png,p-delicious-and-divine-cake-600-gm-second-transformed.png,p-delicious-and-divine-cake-600-gm-thirdimg-transformed.png,p-heavenly-red-velvet-cake-600-gm.png,','ADMIN','2023/5/9 14:2:1','2023/5/9 14:2:1'),(77,20,25,60,'2',2500,2000,'Delicious cake','p-delicious-and-divine-cake-600-gm-second-transformed - Copy.png,p-delicious-and-divine-cake-600-gm-second-transformed.png,p-delicious-and-divine-cake-600-gm-thirdimg-transformed.png,p-heavenly-red-velvet-cake-600-gm.png,','ADMIN','2023/5/9 14:2:53','2023/5/9 14:2:53'),(78,20,25,60,'5',5500,4800,'Decious cake','p-delicious-and-divine-cake-600-gm-second-transformed - Copy.png,p-delicious-and-divine-cake-600-gm-second-transformed.png,p-delicious-and-divine-cake-600-gm-thirdimg-transformed.png,p-heavenly-red-velvet-cake-600-gm.png,','ADMIN','2023/5/9 14:4:43','2023/5/9 14:4:43'),(79,20,25,61,'half',800,650,'','p-finest-vanilla-cake-half-kg.png,p-finest-vanilla-cake-half-kg-forthimg.png,p-finest-vanilla-cake-half-kg-secondimg.png,p-finest-vanilla-cake-half-kg--thirdimg.png,','ADMIN','2023/5/9 14:6:11','2023/5/9 14:6:11'),(80,20,25,61,'1',1200,1000,'Vanilla Cake','','ADMIN','2023/5/9 14:6:43','2023/5/9 14:6:43'),(81,20,25,61,'2',2500,1750,'Vanilla Cake','p-finest-vanilla-cake-half-kg.png,p-finest-vanilla-cake-half-kg-forthimg.png,p-finest-vanilla-cake-half-kg-secondimg.png,p-finest-vanilla-cake-half-kg--thirdimg.png,','ADMIN','2023/5/9 14:7:29','2023/5/9 14:7:29'),(82,20,25,61,'5',5500,4200,'Vanilla Cake','p-finest-vanilla-cake-half-kg.png,p-finest-vanilla-cake-half-kg-forthimg.png,p-finest-vanilla-cake-half-kg-secondimg.png,p-finest-vanilla-cake-half-kg--thirdimg.png,','ADMIN','2023/5/9 14:7:56','2023/5/9 14:7:56'),(83,20,25,62,'half',800,600,'Daniel Cake','p-jack-daniels-chocolate-cake-1-kg.png,p-jack-daniels-chocolate-cake-1-kg-second.png,','ADMIN','2023/5/9 14:9:2','2023/5/9 14:9:2'),(84,20,25,62,'1',1800,1550,'Daniel Cake','p-jack-daniels-chocolate-cake-1-kg.png,p-jack-daniels-chocolate-cake-1-kg-second.png,','ADMIN','2023/5/9 14:9:45','2023/5/9 14:9:45'),(85,20,25,62,'5',5400,4800,'Daniel Cake','p-jack-daniels-chocolate-cake-1-kg.png,p-jack-daniels-chocolate-cake-1-kg-second.png,','ADMIN','2023/5/9 14:11:8','2023/5/9 14:11:8'),(86,20,25,148,'half',1450,1220,'Baby Cake','baby2-transformed.png,baby2-transformed.png,','ADMIN','2023/5/9 14:12:4','2023/5/9 14:12:4'),(87,20,25,148,'1',2200,1800,'Baby Cake','baby2-transformed.png,baby2-transformed.png,','ADMIN','2023/5/9 14:12:36','2023/5/9 14:12:36'),(88,20,25,148,'2',3500,2800,'Baby Blue Cake','baby2-transformed.png,baby2-transformed.png,','ADMIN','2023/5/9 14:14:3','2023/5/9 14:14:3'),(89,20,25,148,'5',5500,4600,'Baby Cake','baby2-transformed.png,baby2-transformed.png,','ADMIN','2023/5/9 14:14:35','2023/5/9 14:14:35'),(90,20,25,149,'half',890,750,'Baby Cake','Blue-Baby-Shower-Cake-transformed.png,Blue-Baby-Shower-Cake-transformed.png,','ADMIN','2023/5/9 14:15:40','2023/5/9 14:15:40'),(91,20,25,149,'1',1650,1400,'Baby Cake','Blue-Baby-Shower-Cake-transformed.png,Blue-Baby-Shower-Cake-transformed.png,','ADMIN','2023/5/9 14:28:11','2023/5/9 14:28:11'),(92,20,25,149,'2',2500,2200,'Baby Cake','Blue-Baby-Shower-Cake-transformed.png,Blue-Baby-Shower-Cake-transformed.png,','ADMIN','2023/5/9 14:28:53','2023/5/9 14:28:53'),(93,20,25,149,'5',7500,6200,'Baby Cake','Blue-Baby-Shower-Cake-transformed.png,Blue-Baby-Shower-Cake-transformed.png,','ADMIN','2023/5/9 14:29:19','2023/5/9 14:29:19'),(94,20,25,150,'half',550,400,'Red velvet Cake','p-classic-red-velvet-cake-1-kg-transformed - Copy.png,p-classic-red-velvet-cake-1-kg-transformed.png,p-delicious-and-divine-cake-600-gm-second-transformed - Copy.png,p-delicious-and-divine-cake-600-gm-second-transformed.png,p-delicious-and-divine-cake-600-gm-thirdimg-transformed.png,','ADMIN','2023/5/9 14:31:13','2023/5/9 14:31:13'),(95,20,25,150,'1',750,550,'Red velvet Cake','p-classic-red-velvet-cake-1-kg-transformed - Copy.png,p-classic-red-velvet-cake-1-kg-transformed.png,p-delicious-and-divine-cake-600-gm-second-transformed - Copy.png,p-delicious-and-divine-cake-600-gm-second-transformed.png,p-delicious-and-divine-cake-600-gm-thirdimg-transformed.png,','ADMIN','2023/5/9 14:32:7','2023/5/9 14:32:7'),(96,20,25,150,'2',2500,2100,'Red velevt cake','p-classic-red-velvet-cake-1-kg-transformed - Copy.png,p-classic-red-velvet-cake-1-kg-transformed.png,p-delicious-and-divine-cake-600-gm-second-transformed - Copy.png,p-delicious-and-divine-cake-600-gm-second-transformed.png,p-delicious-and-divine-cake-600-gm-thirdimg-transformed.png,','ADMIN','2023/5/9 14:32:40','2023/5/9 14:32:40'),(97,20,25,150,'5',4200,4200,'Red Velevet cake','p-classic-red-velvet-cake-1-kg-transformed - Copy.png,p-classic-red-velvet-cake-1-kg-transformed.png,p-delicious-and-divine-cake-600-gm-second-transformed - Copy.png,p-delicious-and-divine-cake-600-gm-second-transformed.png,p-delicious-and-divine-cake-600-gm-thirdimg-transformed.png,','ADMIN','2023/5/9 14:33:22','2023/5/9 14:33:22'),(98,20,25,151,'half',650,500,'Delicious Cake','p-delicious-cake-with-intricate-design-600-gm-transformed.png,p-delicious-choco-creamy-cake-600-gm.png,p-delicious-cake-with-intricate-design-600-gm-transformed.png,p-delicious-choco-creamy-cake-600-gm.png,','ADMIN','2023/5/9 14:35:5','2023/5/9 14:35:5'),(99,20,25,151,'1',890,800,'Cake','p-delicious-cake-with-intricate-design-600-gm-transformed.png,p-delicious-choco-creamy-cake-600-gm.png,p-delicious-cake-with-intricate-design-600-gm-transformed.png,p-delicious-choco-creamy-cake-600-gm.png,','ADMIN','2023/5/9 14:36:44','2023/5/9 14:36:44'),(100,20,25,150,'2',2200,1950,'Red velevet cake','p-delicious-cake-with-intricate-design-600-gm-transformed.png,p-delicious-choco-creamy-cake-600-gm.png,p-delicious-cake-with-intricate-design-600-gm-transformed.png,p-delicious-choco-creamy-cake-600-gm.png,','ADMIN','2023/5/9 14:37:20','2023/5/9 14:37:20'),(101,20,25,151,'2',1800,1550,'Delicious Cake','p-delicious-cake-with-intricate-design-600-gm-transformed.png,p-delicious-choco-creamy-cake-600-gm.png,p-delicious-cake-with-intricate-design-600-gm-transformed.png,p-delicious-choco-creamy-cake-600-gm.png,','ADMIN','2023/5/9 14:37:50','2023/5/9 14:37:50'),(102,20,25,151,'5',6800,6000,'Delicious cake','p-delicious-cake-with-intricate-design-600-gm-transformed.png,p-delicious-choco-creamy-cake-600-gm.png,p-delicious-cake-with-intricate-design-600-gm-transformed.png,p-delicious-choco-creamy-cake-600-gm.png,','ADMIN','2023/5/9 14:38:25','2023/5/9 14:38:25'),(103,20,25,152,'half',745,600,'No matter how big or small the occasion is, this elegant cake will make sure that the celebrations are massive. All the guests at your party will gladly devour this moist and decadent chocolate cake. It is creamy on the inside and gorgeous on the outside.','p-delicious-choco-creamy-cake-600-gm.webp,p-delicious-choco-creamy-cake-600-gm2.webp,p-delicious-choco-creamy-cake-600-gm--190843-m.webp,','ADMIN','2023/5/9 14:43:37','2023/5/9 14:43:37'),(104,20,25,152,'1',1200,900,'No matter how big or small the occasion is, this elegant cake will make sure that the celebrations are massive. All the guests at your party will gladly devour this moist and decadent chocolate cake. It is creamy on the inside and gorgeous on the outside.','p-delicious-choco-creamy-cake-600-gm.webp,p-delicious-choco-creamy-cake-600-gm2.webp,p-delicious-choco-creamy-cake-600-gm--190843-m.webp,','ADMIN','2023/5/9 14:44:12','2023/5/9 14:44:12'),(106,20,25,152,'2',2000,1800,'No matter how big or small the occasion is, this elegant cake will make sure that the celebrations are massive. All the guests at your party will gladly devour this moist and decadent chocolate cake. It is creamy on the inside and gorgeous on the outside.','p-delicious-choco-creamy-cake-600-gm.webp,p-delicious-choco-creamy-cake-600-gm2.webp,p-delicious-choco-creamy-cake-600-gm--190843-m.webp,','ADMIN','2023/5/9 14:45:0','2023/5/9 14:45:0'),(107,20,25,152,'5',7500,5600,'No matter how big or small the occasion is, this elegant cake will make sure that the celebrations are massive. All the guests at your party will gladly devour this moist and decadent chocolate cake. It is creamy on the inside and gorgeous on the outside.','p-delicious-choco-creamy-cake-600-gm.webp,p-delicious-choco-creamy-cake-600-gm2.webp,p-delicious-choco-creamy-cake-600-gm--190843-m.webp,','ADMIN','2023/5/9 14:45:26','2023/5/9 14:45:26'),(109,20,25,153,'1',1200,1000,'No matter how big or small the occasion is, this elegant cake will make sure that the celebrations are massive. All the guests at your party will gladly devour this moist and decadent chocolate cake. It is creamy on the inside and gorgeous on the outside.','p-hazelnut-crunch-cake-half-kg.webp,p-hazelnut-crunch-cake-half-kg2.webp,p-hazelnut-crunch-cake-half-kg3.webp,p-hazelnut-crunch-cake-half-kg--145979-m.webp,','ADMIN','2023/5/9 14:49:19','2023/5/9 14:49:19'),(110,20,25,153,'2',2000,1700,'No matter how big or small the occasion is, this elegant cake will make sure that the celebrations are massive. All the guests at your party will gladly devour this moist and decadent chocolate cake. It is creamy on the inside and gorgeous on the outside.','p-hazelnut-crunch-cake-half-kg.webp,p-hazelnut-crunch-cake-half-kg2.webp,p-hazelnut-crunch-cake-half-kg3.webp,p-hazelnut-crunch-cake-half-kg--145979-m.webp,','ADMIN','2023/5/9 14:49:49','2023/5/9 14:49:49'),(112,20,25,153,'5',7500,6500,'No matter how big or small the occasion is, this elegant cake will make sure that the celebrations are massive. All the guests at your party will gladly devour this moist and decadent chocolate cake. It is creamy on the inside and gorgeous on the outside.','p-hazelnut-crunch-cake-half-kg.webp,p-hazelnut-crunch-cake-half-kg2.webp,p-hazelnut-crunch-cake-half-kg3.webp,p-hazelnut-crunch-cake-half-kg--145979-m.webp,','ADMIN','2023/5/9 14:50:47','2023/5/9 14:50:47'),(113,20,32,68,'2',2200,1800,'Spice container','','ADMIN','2023/5/9 15:30:33','2023/5/9 15:30:33'),(114,20,32,68,'5',4500,3200,'Spieces Container','','ADMIN','2023/5/9 15:31:2','2023/5/9 15:31:2'),(115,20,32,81,'1',930,850,'On a wedding day a couple takes an oath to spend the rest of live together through thick and thin. An anniversary is a renewal of those vows and calls for a special gift with this wooden frame set. The two 8\'x8\' frames can be personalized with a 6\'x6\' picture of the couple and the anniversary year.','images (1).png,images (2).png,images (3).png,images (7).png,','ADMIN','2023/5/9 15:34:1','2023/5/9 15:34:1'),(116,20,32,81,'2',1500,1250,'On a wedding day a couple takes an oath to spend the rest of live together through thick and thin. An anniversary is a renewal of those vows and calls for a special gift with this wooden frame set. The two 8\'x8\' frames can be personalized with a 6\'x6\' picture of the couple and the anniversary year.','images (1).png,images (2).png,images (3).png,images (7).png,','ADMIN','2023/5/9 15:35:15','2023/5/9 15:35:15'),(117,20,32,81,'5',2200,1845,'On a wedding day a couple takes an oath to spend the rest of live together through thick and thin. An anniversary is a renewal of those vows and calls for a special gift with this wooden frame set. The two 8\'x8\' frames can be personalized with a 6\'x6\' picture of the couple and the anniversary year.','images (1).png,images (2).png,images (3).png,images (7).png,','ADMIN','2023/5/9 15:35:37','2023/5/9 15:35:37'),(118,20,32,77,'1',550,430,'Budhdha Image','buddha-wall-mural.webp,budhda statue.jpeg,budhda statue.jpeg,','ADMIN','2023/5/9 15:38:47','2023/5/9 15:38:47'),(119,20,28,166,'1',1000,1000,'Chocolate is a food made from roasted and ground cacao seed kernels that is available as a liquid, solid, or paste, either on its own or as a flavoring agent in other foods.','p-chocolaty-goodness-191630-m.png,p-chocolaty-goodness-191630-m.png,','ADMIN','2023/5/9 15:54:45','2023/5/9 15:54:45'),(120,20,28,166,'2',2000,1800,'Chocolate is a food made from roasted and ground cacao seed kernels that is available as a liquid, solid, or paste, either on its own or as a flavoring agent in other foods.','','ADMIN','2023/5/9 15:59:0','2023/5/9 15:59:0'),(121,20,28,166,'5',5500,4200,'','p-chocolaty-goodness-191630-m.png,p-chocolaty-goodness-191630-m.png,','ADMIN','2023/5/9 15:59:43','2023/5/9 15:59:43'),(124,20,28,167,'1',1000,1000,'Heart shape Chocolate','heart Shape Chocolate.png,p-hearts-kisses-choco-treats-200427-m.png,','ADMIN','2023/5/9 16:11:39','2023/5/9 16:11:39'),(125,20,28,175,'1',750,490,'Chocolate is a food made from roasted and ground cacao seed kernels that is available as a liquid, solid, or paste, either on its own or as a flavoring agent in other foods.','Chocolate.png,Full chocolate.png,','ADMIN','2023/5/9 16:14:57','2023/5/9 16:14:57'),(126,20,28,175,'2',1200,1100,'Chocolate is a food made from roasted and ground cacao seed kernels that is available as a liquid, solid, or paste, either on its own or as a flavoring agent in other foods.','Chocolate.png,Full chocolate.png,','ADMIN','2023/5/9 16:15:33','2023/5/9 16:15:33'),(127,20,28,175,'5',2000,1800,'Chocolate is a food made from roasted and ground cacao seed kernels that is available as a liquid, solid, or paste, either on its own or as a flavoring agent in other foods.','Chocolate.png,Full chocolate.png,','ADMIN','2023/5/9 16:16:3','2023/5/9 16:16:3'),(128,20,28,168,'1',1200,1100,'Chocolate is a food made from roasted and ground cacao seed kernels that is available as a liquid, solid, or paste, either on its own or as a flavoring agent in other foods.','chocolate-barpng.webp,Chocolate-wrap.png,images.jpeg,p-love-you-mom-mother-s-day-hamper-205437-m.png,Chocolate.png,','ADMIN','2023/5/9 16:21:51','2023/5/9 16:21:51'),(129,20,28,168,'2',1500,1000,'Chocolate is a food made from roasted and ground cacao seed kernels that is available as a liquid, solid, or paste, either on its own or as a flavoring agent in other foods.','chocolate-barpng.webp,Chocolate-wrap.png,images.jpeg,p-love-you-mom-mother-s-day-hamper-205437-m.png,Chocolate.png,','ADMIN','2023/5/9 16:24:26','2023/5/9 16:24:26'),(130,20,28,168,'5',5000,4800,'Chocolate is a food made from roasted and ground cacao seed kernels that is available as a liquid, solid, or paste, either on its own or as a flavoring agent in other foods.','chocolate-barpng.webp,Chocolate-wrap.png,images.jpeg,p-love-you-mom-mother-s-day-hamper-205437-m.png,Chocolate.png,','ADMIN','2023/5/9 16:24:55','2023/5/9 16:24:55'),(131,20,28,174,'1',2500,2000,'Chocolate is a food made from roasted and ground cacao seed kernels that is available as a liquid, solid, or paste, either on its own or as a flavoring agent in other foods.','chocolate-barpng.webp,chocolate-png-natalianaty.png,Chocolate-wrap.png,p-royal-purple-chocolate-bouquet-178336-m.png,','ADMIN','2023/5/9 16:29:16','2023/5/9 16:29:16'),(132,20,28,174,'2',3800,3000,'Chocolate is a food made from roasted and ground cacao seed kernels that is available as a liquid, solid, or paste, either on its own or as a flavoring agent in other foods.','chocolate-barpng.webp,chocolate-png-natalianaty.png,Chocolate-wrap.png,p-royal-purple-chocolate-bouquet-178336-m.png,','ADMIN','2023/5/9 16:31:26','2023/5/9 16:31:26'),(133,20,28,174,'5',5500,4900,'Chocolate is a food made from roasted and ground cacao seed kernels that is available as a liquid, solid, or paste, either on its own or as a flavoring agent in other foods.','chocolate-barpng.webp,chocolate-png-natalianaty.png,Chocolate-wrap.png,p-royal-purple-chocolate-bouquet-178336-m.png,','ADMIN','2023/5/9 16:32:11','2023/5/9 16:32:11'),(136,20,28,170,'5',5500,5000,'Chocolate is a food made from roasted and ground cacao seed kernels that is available as a liquid, solid, or paste, either on its own or as a flavoring agent in other foods.','chocolate-barpng.webp,chocolate-png-natalianaty.png,p-a-chocolicious-treat-182133-m.png,','ADMIN','2023/5/9 16:39:0','2023/5/9 16:39:0'),(137,20,28,170,'1',1000,1000,'Chocolate is a food made from roasted and ground cacao seed kernels that is available as a liquid, solid, or paste, either on its own or as a flavoring agent in other foods.','chocolate-barpng.webp,chocolate-png-natalianaty.png,p-a-chocolicious-treat-182133-m.png,','ADMIN','2023/5/9 16:41:43','2023/5/9 16:41:43'),(138,20,28,170,'2',2599,2299,'Chocolate is a food made from roasted and ground cacao seed kernels that is available as a liquid, solid, or paste, either on its own or as a flavoring agent in other foods.','chocolate-barpng.webp,chocolate-png-natalianaty.png,p-a-chocolicious-treat-182133-m.png,','ADMIN','2023/5/9 16:42:18','2023/5/9 16:42:18'),(139,20,28,167,'2',2500,2200,'Chocolate is a food made from roasted and ground cacao seed kernels that is available as a liquid, solid, or paste, either on its own or as a flavoring agent in other foods.','chocolate-barpng.webp,chocolate-png-natalianaty.png,p-a-chocolicious-treat-182133-m.png,','ADMIN','2023/5/9 16:43:45','2023/5/9 16:43:45'),(140,20,28,167,'5',5899,4999,'Chocolate is a food made from roasted and ground cacao seed kernels that is available as a liquid, solid, or paste, either on its own or as a flavoring agent in other foods.','chocolate-barpng.webp,chocolate-png-natalianaty.png,p-a-chocolicious-treat-182133-m.png,','ADMIN','2023/5/9 16:44:34','2023/5/9 16:44:34'),(141,20,28,169,'1',599,599,'Chocolate is a food made from roasted and ground cacao seed kernels that is available as a liquid, solid, or paste, either on its own or as a flavoring agent in other foods.','chocolate-barpng.webp,Chocolate-wrap.png,images.jpeg,p-berry-bites-199943-m.png,','ADMIN','2023/5/9 16:46:10','2023/5/9 16:46:10'),(142,20,28,169,'5',1099,999,'Chocolate is a food made from roasted and ground cacao seed kernels that is available as a liquid, solid, or paste, either on its own or as a flavoring agent in other foods.','chocolate-barpng.webp,Chocolate-wrap.png,images.jpeg,p-berry-bites-199943-m.png,','ADMIN','2023/5/9 16:46:59','2023/5/9 16:46:59'),(143,20,28,169,'5',3999,2999,'Chocolate is a food made from roasted and ground cacao seed kernels that is available as a liquid, solid, or paste, either on its own or as a flavoring agent in other foods.','chocolate-barpng.webp,Chocolate-wrap.png,images.jpeg,p-berry-bites-199943-m.png,','ADMIN','2023/5/9 16:47:27','2023/5/9 16:47:27'),(144,20,28,171,'1',1000,1000,'Chocolate is a food made from roasted and ground cacao seed kernels that is available as a liquid, solid, or paste, either on its own or as a flavoring agent in other foods.','chocolate-png-natalianaty.png,Chocolate-wrap.png,p-premium-couverture-chocolate-hamper-191990-m.png,','ADMIN','2023/5/9 16:49:55','2023/5/9 16:49:55'),(145,20,28,171,'2',2099,1999,'Chocolate is a food made from roasted and ground cacao seed kernels that is available as a liquid, solid, or paste, either on its own or as a flavoring agent in other foods.','chocolate-png-natalianaty.png,Chocolate-wrap.png,p-premium-couverture-chocolate-hamper-191990-m.png,','ADMIN','2023/5/9 16:50:50','2023/5/9 16:50:50'),(146,20,28,171,'5',5999,5499,'Chocolate is a food made from roasted and ground cacao seed kernels that is available as a liquid, solid, or paste, either on its own or as a flavoring agent in other foods.','chocolate-png-natalianaty.png,Chocolate-wrap.png,p-premium-couverture-chocolate-hamper-191990-m.png,','ADMIN','2023/5/9 16:51:22','2023/5/9 16:51:22'),(147,20,28,172,'1',1999,1999,'Chocolate is a food made from roasted and ground cacao seed kernels that is available as a liquid, solid, or paste, either on its own or as a flavoring agent in other foods.','183-1839116_chocolate-box-png.png,Chocolate box.webp,chocolate-barpng.webp,chocolate-png-natalianaty.png,images.jpeg,','ADMIN','2023/5/9 17:1:44','2023/5/9 17:1:44'),(148,20,28,172,'2',2599,2599,'Chocolate is a food made from roasted and ground cacao seed kernels that is available as a liquid, solid, or paste, either on its own or as a flavoring agent in other foods.','183-1839116_chocolate-box-png.png,Chocolate box.webp,chocolate-barpng.webp,chocolate-png-natalianaty.png,images.jpeg,','ADMIN','2023/5/9 17:2:41','2023/5/9 17:2:41'),(149,20,28,172,'5',4999,3999,'Chocolate is a food made from roasted and ground cacao seed kernels that is available as a liquid, solid, or paste, either on its own or as a flavoring agent in other foods.','183-1839116_chocolate-box-png.png,Chocolate box.webp,chocolate-barpng.webp,chocolate-png-natalianaty.png,images.jpeg,','ADMIN','2023/5/9 17:4:40','2023/5/9 17:4:40'),(150,20,29,155,'1',599,599,'A teddy bear is a children\'s toy, made from soft or furry material, which looks like a friendly bear.','teddy1.png,teddy1.png,','ADMIN','2023/5/9 17:7:59','2023/5/9 17:7:59'),(151,20,29,155,'2',1199,999,'A teddy bear is a children\'s toy, made from soft or furry material, which looks like a friendly bear.','teddy1.png,teddy1.png,','ADMIN','2023/5/9 17:9:58','2023/5/9 17:9:58'),(152,20,29,155,'5',2999,2299,'A teddy bear is a children\'s toy, made from soft or furry material, which looks like a friendly bear.','teddy1.png,teddy1.png,','ADMIN','2023/5/9 17:10:30','2023/5/9 17:10:30'),(153,20,29,163,'1',799,799,'A White teddy bear is a children\'s toy, made from soft or furry material, which looks like a friendly bear.','white teddy 2.png,White teddy.png,','ADMIN','2023/5/9 17:18:13','2023/5/9 17:18:13'),(154,20,29,162,'1',989,989,'A teddy bear is a children\'s toy, made from soft or furry material, which looks like a friendly bear.','white teddy 2.png,White teddy.png,white teddy 2.png,White teddy.png,','ADMIN','2023/5/9 17:19:37','2023/5/9 17:19:37'),(155,20,29,162,'2',1898,1898,'A teddy bear is a children\'s toy, made from soft or furry material, which looks like a friendly bear.','White teddy.png,','ADMIN','2023/5/9 17:21:16','2023/5/9 17:21:16'),(156,20,29,162,'5',2888,2888,'A teddy bear is a children\'s toy, made from soft or furry material, which looks like a friendly bear.','White teddy.png,','ADMIN','2023/5/9 17:21:40','2023/5/9 17:21:40'),(157,20,29,163,'2',5899,4999,'A teddy bear is a children\'s toy, made from soft or furry material, which looks like a friendly bear.','White teddy.png,','ADMIN','2023/5/9 17:23:20','2023/5/9 17:23:20'),(158,20,29,163,'5',5999,5999,'A teddy bear is a children\'s toy, made from soft or furry material, which looks like a friendly bear.','White teddy.png,','ADMIN','2023/5/9 17:24:24','2023/5/9 17:24:24'),(159,20,29,160,'1',1999,1999,'A teddy bear is a children\'s toy, made from soft or furry material, which looks like a friendly bear.','teddy7.png,teddy7.png,','ADMIN','2023/5/9 17:26:20','2023/5/9 17:26:20'),(160,20,29,160,'2',2999,2000,'A teddy bear is a children\'s toy, made from soft or furry material, which looks like a friendly bear.','teddy7.png,teddy7.png,','ADMIN','2023/5/9 17:27:10','2023/5/9 17:27:10'),(161,20,29,160,'5',5999,5999,'A teddy bear is a children\'s toy, made from soft or furry material, which looks like a friendly bear.','teddy7.png,teddy7.png,','ADMIN','2023/5/9 17:27:35','2023/5/9 17:27:35'),(162,20,29,159,'1',499,499,'A Pack Of Combo teddy bear is a children\'s toy, made from soft or furry material, which looks like a friendly bear.','teddy4.jpeg,teddy4.jpeg,','ADMIN','2023/5/9 17:29:42','2023/5/9 17:29:42'),(163,20,29,159,'2',999,999,'A teddy bear is a children\'s toy, made from soft or furry material, which looks like a friendly bear.','teddy4.jpeg,','ADMIN','2023/5/9 17:31:16','2023/5/9 17:31:16'),(164,20,29,159,'5',4999,3555,'A teddy bear is a children\'s toy, made from soft or furry material, which looks like a friendly bear.','teddy4.jpeg,','ADMIN','2023/5/9 17:32:11','2023/5/9 17:32:11'),(165,20,29,158,'5',4999,4999,'A teddy bear is a children\'s toy, made from soft or furry material, which looks like a friendly bear.','teddy2.jpeg,teddy2.jpeg,','ADMIN','2023/5/9 17:34:22','2023/5/9 17:34:22'),(166,20,29,158,'1',1999,1999,'A teddy bear is a children\'s toy, made from soft or furry material, which looks like a friendly bear.','teddy2.jpeg,teddy2.jpeg,','ADMIN','2023/5/9 17:35:24','2023/5/9 17:35:24'),(167,20,29,158,'2',2050,2050,'A teddy bear is a children\'s toy, made from soft or furry material, which looks like a friendly bear.','teddy2.jpeg,teddy2.jpeg,','ADMIN','2023/5/9 17:36:27','2023/5/9 17:36:27'),(168,17,18,16,'1',1999,1999,'Chocolate is a food made from roasted and ground cacao seed kernels that is available as a liquid, solid, or paste, either on its own or as a flavoring agent in other foods.','chocolate-barpng.webp,chocolate-png-natalianaty.png,Chocolate.png,dairy milk Chocolate Basket.png,','ADMIN','2023/5/9 17:42:17','2023/5/9 17:42:17'),(169,17,18,16,'2',2999,2039,'Chocolate is a food made from roasted and ground cacao seed kernels that is available as a liquid, solid, or paste, either on its own or as a flavoring agent in other foods.','chocolate-barpng.webp,chocolate-png-natalianaty.png,Chocolate.png,dairy milk Chocolate Basket.png,','ADMIN','2023/5/9 17:43:29','2023/5/9 17:43:29'),(170,17,18,16,'5',4999,4999,'Chocolate is a food made from roasted and ground cacao seed kernels that is available as a liquid, solid, or paste, either on its own or as a flavoring agent in other foods.','chocolate-barpng.webp,chocolate-png-natalianaty.png,Chocolate.png,dairy milk Chocolate Basket.png,','ADMIN','2023/5/9 17:43:54','2023/5/9 17:43:54'),(171,17,18,176,'5',498,498,'Kitkat chocolate Basket','kitkat img.jpeg,kitkat.webp,Chocolate.png,','ADMIN','2023/5/9 17:53:58','2023/5/9 17:53:58'),(172,17,18,176,'10',899,899,'Kitkat chocolate Basket','','ADMIN','2023/5/9 17:56:1','2023/5/9 17:56:1'),(173,17,18,176,'20',2999,2999,'Kitkat chocolate Basket','','ADMIN','2023/5/9 17:56:24','2023/5/9 17:56:24'),(174,17,18,21,'5',550,550,'chocolate Basket','Chocolate.png,chocolate-barpng.webp,chocolate-png-natalianaty.png,p-premium-sweets-wedding-gift-box-with-personalized-card-box.png,','ADMIN','2023/5/9 20:45:24','2023/5/9 20:45:24'),(175,17,18,21,'10',1100,890,'Chocolate Basket','Chocolate.png,chocolate-barpng.webp,chocolate-png-natalianaty.png,p-premium-sweets-wedding-gift-box-with-personalized-card-box.png,','ADMIN','2023/5/9 20:46:3','2023/5/9 20:46:3'),(176,17,18,21,'20',2200,1800,'chocolate Basket','Chocolate.png,chocolate-barpng.webp,chocolate-png-natalianaty.png,p-premium-sweets-wedding-gift-box-with-personalized-card-box.png,','ADMIN','2023/5/9 20:46:33','2023/5/9 20:46:33'),(177,17,18,22,'1',699,650,'Chocolate Basket','183-1839116_chocolate-box-png.png,Chocolate box.webp,chocolate-barpng.webp,chocolate-png-natalianaty.png,Chocolate-wrap.png,','ADMIN','2023/5/9 20:50:58','2023/5/9 20:50:58'),(178,17,18,22,'5',999,999,'Chocolates Box','183-1839116_chocolate-box-png.png,Chocolate box.webp,chocolate-barpng.webp,chocolate-png-natalianaty.png,Chocolate-wrap.png,','ADMIN','2023/5/9 20:51:28','2023/5/9 20:51:28'),(179,17,18,22,'20',3299,2800,'Chocolate is a food made from roasted and ground cacao seed kernels that is available as a liquid, solid, or paste, either on its own or as a flavoring agent in other foods.','183-1839116_chocolate-box-png.png,Chocolate box.webp,chocolate-barpng.webp,chocolate-png-natalianaty.png,Chocolate-wrap.png,','ADMIN','2023/5/9 20:52:6','2023/5/9 20:52:6'),(180,17,45,178,'5',899,899,'Chocolate is a food made from roasted and ground cacao seed kernels that is available as a liquid, solid, or paste, either on its own or as a flavoring agent in other foods.','chocolate-png-natalianaty.png,Chocolate-wrap.png,kitkat img.jpeg,kitkat.webp,','ADMIN','2023/5/9 21:5:28','2023/5/9 21:5:28'),(181,17,45,178,'10',1999,1299,'Chocolate is a food made from roasted and ground cacao seed kernels that is available as a liquid, solid, or paste, either on its own or as a flavoring agent in other foods.','chocolate-png-natalianaty.png,Chocolate-wrap.png,kitkat img.jpeg,kitkat.webp,','ADMIN','2023/5/9 21:6:1','2023/5/9 21:6:1'),(182,17,45,178,'20',4999,3299,'Chocolate is a food made from roasted and ground cacao seed kernels that is available as a liquid, solid, or paste, either on its own or as a flavoring agent in other foods.','chocolate-png-natalianaty.png,Chocolate-wrap.png,kitkat img.jpeg,kitkat.webp,','ADMIN','2023/5/9 21:6:31','2023/5/9 21:6:31'),(183,17,45,181,'5',2999,2499,'','p-chocolaty-goodness-191630-m.png,chocolate-barpng.webp,chocolate-png-natalianaty.png,images.jpeg,','ADMIN','2023/5/9 21:8:29','2023/5/9 21:8:29'),(184,17,45,181,'10',4999,4499,'Chocolate Goodness','p-chocolaty-goodness-191630-m.png,chocolate-barpng.webp,chocolate-png-natalianaty.png,images.jpeg,','ADMIN','2023/5/9 21:9:8','2023/5/9 21:9:8'),(185,17,44,180,'5',2499,1999,'Chocolate is a food made from roasted and ground cacao seed kernels that is available as a liquid, solid, or paste, either on its own or as a flavoring agent in other foods.','p-delicious-treats-in-a-basket-191604-m.png,Chocolate box.webp,chocolate-barpng.webp,images.jpeg,','ADMIN','2023/5/9 21:11:24','2023/5/9 21:11:24'),(186,17,44,180,'10',3999,3499,'Chocolate is a food made from roasted and ground cacao seed kernels that is available as a liquid, solid, or paste, either on its own or as a flavoring agent in other foods.','p-delicious-treats-in-a-basket-191604-m.png,Chocolate box.webp,chocolate-barpng.webp,images.jpeg,','ADMIN','2023/5/9 21:11:58','2023/5/9 21:11:58'),(187,17,44,180,'20',5999,5499,'Chocolate is a food made from roasted and ground cacao seed kernels that is available as a liquid, solid, or paste, either on its own or as a flavoring agent in other foods.','p-delicious-treats-in-a-basket-191604-m.png,Chocolate box.webp,chocolate-barpng.webp,images.jpeg,','ADMIN','2023/5/9 21:12:28','2023/5/9 21:12:28'),(188,17,44,177,'5',899,849,'Chocolate is a food made from roasted and ground cacao seed kernels that is available as a liquid, solid, or paste, either on its own or as a flavoring agent in other foods.','images.jpeg,kitkat img.jpeg,kitkat.webp,','ADMIN','2023/5/9 21:13:26','2023/5/9 21:13:26'),(189,17,44,177,'10',1999,1499,'Chocolate is a food made from roasted and ground cacao seed kernels that is available as a liquid, solid, or paste, either on its own or as a flavoring agent in other foods.','images.jpeg,kitkat img.jpeg,kitkat.webp,','ADMIN','2023/5/9 21:14:11','2023/5/9 21:14:11'),(190,17,44,177,'20',5999,5499,'Chocolate is a food made from roasted and ground cacao seed kernels that is available as a liquid, solid, or paste, either on its own or as a flavoring agent in other foods.','images.jpeg,kitkat img.jpeg,kitkat.webp,','ADMIN','2023/5/9 21:15:0','2023/5/9 21:15:0'),(191,17,44,179,'5',1999,1999,'Chocolate is a food made from roasted and ground cacao seed kernels that is available as a liquid, solid, or paste, either on its own or as a flavoring agent in other foods.','images.jpeg,p-loving-chocolate-gift-tray-with-personalized-card-153069-m (1).png,p-loving-chocolate-gift-tray-with-personalized-card-153069-m.png,','ADMIN','2023/5/9 21:16:41','2023/5/9 21:16:41'),(192,17,44,179,'10',2999,2899,'Chocolate is a food made from roasted and ground cacao seed kernels that is available as a liquid, solid, or paste, either on its own or as a flavoring agent in other foods.','images.jpeg,p-loving-chocolate-gift-tray-with-personalized-card-153069-m (1).png,p-loving-chocolate-gift-tray-with-personalized-card-153069-m.png,','ADMIN','2023/5/9 21:17:16','2023/5/9 21:17:16'),(193,17,44,183,'5',1999,1999,'Chocolate is a food made from roasted and ground cacao seed kernels that is available as a liquid, solid, or paste, either on its own or as a flavoring agent in other foods.','p-a-chocolicious-treat-182133-m.png,Chocolate-wrap.png,images.jpeg,','ADMIN','2023/5/9 21:18:40','2023/5/9 21:18:40'),(194,17,44,183,'20',2999,2499,'Chocolate is a food made from roasted and ground cacao seed kernels that is available as a liquid, solid, or paste, either on its own or as a flavoring agent in other foods.','p-a-chocolicious-treat-182133-m.png,Chocolate-wrap.png,images.jpeg,','ADMIN','2023/5/9 21:19:3','2023/5/9 21:19:3'),(195,17,17,185,'5',599,549,'Special Fruit basket','217-2178511_fruit-basket.png,kiwi.jpeg,orange.jpeg,peach.jpeg,','ADMIN','2023/5/9 21:33:20','2023/5/9 21:33:20'),(196,17,17,185,'10',999,949,'Fruit basket ','peach.jpeg,','ADMIN','2023/5/9 21:34:0','2023/5/9 21:34:0'),(197,17,17,185,'20',1999,1949,'Special Fruit Basket','peach.jpeg,','ADMIN','2023/5/9 21:34:28','2023/5/9 21:34:28'),(198,17,17,186,'10',1999,1999,'Special Fruit Basket','Weddinf Special.png,kiwi - Copy.jpeg,kiwi.jpeg,orange.jpeg,peach - Copy.jpeg,','ADMIN','2023/5/9 21:35:15','2023/5/9 21:35:15'),(199,17,17,186,'20',2499,2499,'Special Fruit Basket','Weddinf Special.png,kiwi - Copy.jpeg,kiwi.jpeg,orange.jpeg,peach - Copy.jpeg,','ADMIN','2023/5/9 21:35:36','2023/5/9 21:35:36'),(200,17,17,186,'50',4999,4499,'Special Fruit Basket','Weddinf Special.png,kiwi - Copy.jpeg,kiwi.jpeg,orange.jpeg,peach - Copy.jpeg,','ADMIN','2023/5/9 21:36:20','2023/5/9 21:36:20'),(201,17,17,187,'10',1999,1999,'Special Fruit Basket','fruit basket.jpeg,kiwi - Copy.jpeg,orange.jpeg,peach - Copy.jpeg,','ADMIN','2023/5/9 21:37:32','2023/5/9 21:37:32'),(202,17,17,187,'20',2999,2499,'Special Fruit Basket','fruit basket.jpeg,kiwi - Copy.jpeg,orange.jpeg,peach - Copy.jpeg,','ADMIN','2023/5/9 21:39:42','2023/5/9 21:39:42'),(203,17,17,187,'50',5999,5999,'Special Fruit Basket','fruit basket.jpeg,kiwi - Copy.jpeg,orange.jpeg,peach - Copy.jpeg,','ADMIN','2023/5/9 21:40:11','2023/5/9 21:40:11'),(204,17,19,65,'1600',2999,2499,'','fruit basket.jpeg,kiwi - Copy.jpeg,orange.jpeg,peach - Copy.jpeg,','ADMIN','2023/5/9 21:41:32','2023/5/9 21:41:32'),(205,17,19,65,'2600',3999,3999,'Wine pack','fruit basket.jpeg,kiwi - Copy.jpeg,orange.jpeg,peach - Copy.jpeg,','ADMIN','2023/5/9 21:42:15','2023/5/9 21:42:15'),(206,18,20,17,'1',199,199,'Personalized Custom','p-set-of-2-personalized-juice-glasses.png,p-set-of-2-personalized-juice-glasses.png,','ADMIN','2023/5/9 21:59:0','2023/5/9 21:59:0'),(207,18,20,17,'5',599,549,'Personalized Custom Juice Mugs','p-set-of-2-personalized-juice-glasses.png,p-set-of-2-personalized-juice-glasses.png,','ADMIN','2023/5/9 21:59:51','2023/5/9 21:59:51'),(208,18,20,17,'20',1599,1599,'','p-set-of-2-personalized-juice-glasses.png,p-set-of-2-personalized-juice-glasses.png,','ADMIN','2023/5/9 22:0:24','2023/5/9 22:0:24'),(209,18,20,17,'30',2999,2499,'Personalised Custom Juice Mugs','p-set-of-2-personalized-juice-glasses.png,p-set-of-2-personalized-juice-glasses.png,','ADMIN','2023/5/9 22:1:21','2023/5/9 22:1:21'),(210,18,20,18,'5',549,500,'','p-couple-gift-tray-with-shakers-and-personalized-mugs.png,','ADMIN','2023/5/9 22:3:45','2023/5/9 22:3:45'),(211,18,20,18,'10',599,549,'Personalized Mugs with tray','p-couple-gift-tray-with-shakers-and-personalized-mugs.png,','ADMIN','2023/5/9 22:4:27','2023/5/9 22:4:27'),(212,18,20,27,'2',499,349,'','wine glass set.png,love Champagne Glass.png,','ADMIN','2023/5/9 22:6:42','2023/5/9 22:6:42'),(213,18,20,27,'10',1050,999,'','wine glass set.png,love Champagne Glass.png,','ADMIN','2023/5/9 22:7:8','2023/5/9 22:7:8'),(214,18,20,27,'20',2999,2499,'Wine glass Set','wine glass set.png,love Champagne Glass.png,','ADMIN','2023/5/9 22:7:49','2023/5/9 22:7:49'),(215,18,20,28,'2',499,499,'','love Champagne Glass.png,love Champagne Glass.png,','ADMIN','2023/5/9 22:8:59','2023/5/9 22:8:59'),(216,18,20,28,'10',999,900,'','love Champagne Glass.png,love Champagne Glass.png,','ADMIN','2023/5/9 22:9:28','2023/5/9 22:9:28'),(217,18,21,19,'2',499,449,'Photo Keychain ','keyvhain.jpg,','ADMIN','2023/5/9 22:12:34','2023/5/9 22:12:34'),(218,20,31,70,'5',1499,1299,'Women Watch ','','ADMIN','2023/5/9 22:15:0','2023/5/9 22:15:0'),(219,15,11,100,'1',999,999,'','p-hazelnut-crunch-cake-half-kg2.webp,p-hazelnut-crunch-cake-half-kg3.webp,p-hazelnut-crunch-cake-half-kg--145979-m.webp,','ADMIN','2023/5/9 22:18:1','2023/5/9 22:18:1'),(220,15,11,100,'2',1299,1299,'Chocolate fudge cake','','ADMIN','2023/5/9 22:18:41','2023/5/9 22:18:41'),(221,15,11,100,'5',5999,5999,'','','ADMIN','2023/5/9 22:19:6','2023/5/9 22:19:6'),(222,19,42,63,'5',2999,2999,'Easter day Special','','ADMIN','2023/5/9 23:10:34','2023/5/9 23:10:34'),(223,19,42,63,'10',3999,3999,'','','ADMIN','2023/5/9 23:11:6','2023/5/9 23:11:6'),(224,20,31,55,'5',7600,7000,'','','ADMIN','2023/5/9 23:12:31','2023/5/9 23:12:31'),(225,20,31,55,'2',3500,3000,'','','ADMIN','2023/5/9 23:13:34','2023/5/9 23:13:34'),(226,20,31,69,'2',5000,4200,'','','ADMIN','2023/5/9 23:14:21','2023/5/9 23:14:21'),(227,20,31,69,'10',10800,9999,'','','ADMIN','2023/5/9 23:14:47','2023/5/9 23:14:47'),(228,20,32,72,'2',1999,1499,'','Brass-swing-radha-krishna.png,Brass-swing-radha-krishna.png,','ADMIN','2023/5/9 23:16:33','2023/5/9 23:16:33'),(229,20,32,72,'1',549,420,'','Brass-swing-radha-krishna.png,Brass-swing-radha-krishna.png,','ADMIN','2023/5/9 23:17:4','2023/5/9 23:17:4'),(230,20,32,72,'10',4999,4000,'','Brass-swing-radha-krishna.png,Brass-swing-radha-krishna.png,','ADMIN','2023/5/9 23:17:43','2023/5/9 23:17:43'),(231,15,40,138,'1',999,949,'','Brass-swing-radha-krishna.png,Brass-swing-radha-krishna.png,','ADMIN','2023/5/9 23:19:11','2023/5/9 23:19:11'),(232,15,40,138,'2',1998,1498,'','Brass-swing-radha-krishna.png,Brass-swing-radha-krishna.png,','ADMIN','2023/5/9 23:20:4','2023/5/9 23:20:4'),(233,20,30,85,'5',2999,2999,'Anniverssary Fruit Basket','chocolate-truffles-pack.webp,coolberg-beer-cranberry-non-alcoholic.webp,coolberg-beer-cranberry-non-alcoholic3.jpg,coolberg-non-alcoholic-cranberry-beer-275ml.webp,hennessy_basket.png,','ADMIN','2023/5/10 1:53:57','2023/5/10 1:53:57'),(234,20,30,85,'10',4999,4999,'','chocolate-truffles-pack.webp,coolberg-beer-cranberry-non-alcoholic.webp,coolberg-beer-cranberry-non-alcoholic3.jpg,coolberg-non-alcoholic-cranberry-beer-275ml.webp,hennessy_basket.png,','ADMIN','2023/5/10 1:56:24','2023/5/10 1:56:24'),(235,20,30,85,'20',10999,9999,'','chocolate-truffles-pack.webp,coolberg-beer-cranberry-non-alcoholic.webp,coolberg-beer-cranberry-non-alcoholic3.jpg,coolberg-non-alcoholic-cranberry-beer-275ml.webp,hennessy_basket.png,','ADMIN','2023/5/10 1:56:57','2023/5/10 1:56:57'),(236,20,30,86,'5',2999,2999,'','amond.png,Cutout.png,kaju-png.png,p-adorable-mom-to-be-hamper-205510-m.png,','ADMIN','2023/5/10 2:3:48','2023/5/10 2:3:48'),(237,20,30,86,'10',4999,4999,'','amond.png,Cutout.png,kaju-png.png,p-adorable-mom-to-be-hamper-205510-m.png,','ADMIN','2023/5/10 2:4:17','2023/5/10 2:4:17'),(238,20,30,86,'1',699,699,'','amond.png,Cutout.png,kaju-png.png,p-adorable-mom-to-be-hamper-205510-m.png,','ADMIN','2023/5/10 2:4:51','2023/5/10 2:4:51'),(239,20,30,87,'1',899,899,'Women special Basket ','p-tasteful-offerings-mother-s-day-hamper-170580-m.png,183-1839116_chocolate-box-png.png,Chocolate box.webp,chocolate-barpng.webp,images.jpeg,','ADMIN','2023/5/10 2:6:52','2023/5/10 2:6:52'),(240,20,30,87,'2',2999,2999,'','p-tasteful-offerings-mother-s-day-hamper-170580-m.png,183-1839116_chocolate-box-png.png,Chocolate box.webp,chocolate-barpng.webp,images.jpeg,','ADMIN','2023/5/10 2:7:24','2023/5/10 2:7:24'),(241,20,30,87,'5',4999,4999,'','p-tasteful-offerings-mother-s-day-hamper-170580-m.png,183-1839116_chocolate-box-png.png,Chocolate box.webp,chocolate-barpng.webp,images.jpeg,','ADMIN','2023/5/10 2:8:39','2023/5/10 2:8:39'),(242,20,30,88,'1',499,499,'','183-1839116_chocolate-box-png.png,Chocolate box.webp,chocolate-barpng.webp,images.jpeg,p-chocolaty-goodness-191630-m.png,','ADMIN','2023/5/10 2:10:31','2023/5/10 2:10:31'),(243,20,30,88,'5',3999,3999,'','183-1839116_chocolate-box-png.png,Chocolate box.webp,chocolate-barpng.webp,images.jpeg,p-chocolaty-goodness-191630-m.png,','ADMIN','2023/5/10 2:10:55','2023/5/10 2:10:55'),(244,20,30,88,'5',5999,5999,'','183-1839116_chocolate-box-png.png,Chocolate box.webp,chocolate-barpng.webp,images.jpeg,p-chocolaty-goodness-191630-m.png,','ADMIN','2023/5/10 2:11:20','2023/5/10 2:11:20'),(245,20,30,89,'1',1999,1999,'','Diwali Gift.png,Chocolate.png,Full chocolate.png,chocolate-truffles-pack.png,','ADMIN','2023/5/10 2:13:6','2023/5/10 2:13:6'),(246,20,30,89,'2',3999,3999,'','Diwali Gift.png,Chocolate.png,Full chocolate.png,chocolate-truffles-pack.png,','ADMIN','2023/5/10 2:13:28','2023/5/10 2:13:28'),(247,20,30,89,'5',8999,8999,'','Diwali Gift.png,Chocolate.png,Full chocolate.png,chocolate-truffles-pack.png,','ADMIN','2023/5/10 2:13:51','2023/5/10 2:13:51'),(248,20,27,84,'2',99,99,'Glass Pair','1556035373_530x@2x.webp,1556035373_530x@2x.webp,','ADMIN','2023/5/10 2:21:49','2023/5/10 2:21:49'),(249,20,27,84,'5',299,299,'','1556035373_530x@2x.webp,1556035373_530x@2x.webp,','ADMIN','2023/5/10 2:22:19','2023/5/10 2:22:19'),(250,20,27,84,'10',999,999,'','1556035373_530x@2x.webp,1556035373_530x@2x.webp,','ADMIN','2023/5/10 2:22:39','2023/5/10 2:22:39'),(251,20,27,200,'1',89,89,'','Champagne Glasses.png,','ADMIN','2023/5/10 2:23:27','2023/5/10 2:23:27'),(252,20,27,200,'10',299,299,'','Champagne Glasses.png,','ADMIN','2023/5/10 2:23:50','2023/5/10 2:23:50'),(253,20,27,200,'20',999,999,'','Champagne Glasses.png,','ADMIN','2023/5/10 2:24:9','2023/5/10 2:24:9'),(254,20,27,201,'2',199,149,'','Champagne Glasses.png,Glassy Pair Champagne Glass.png,','ADMIN','2023/5/10 2:24:44','2023/5/10 2:24:44'),(255,20,27,201,'10',499,499,'','Champagne Glasses.png,Glassy Pair Champagne Glass.png,','ADMIN','2023/5/10 2:25:5','2023/5/10 2:25:5'),(256,20,27,201,'20',999,999,'','Champagne Glasses.png,Glassy Pair Champagne Glass.png,','ADMIN','2023/5/10 2:25:26','2023/5/10 2:25:26'),(257,20,27,202,'6',399,399,'','cups.png,cups.png,','ADMIN','2023/5/10 2:26:10','2023/5/10 2:26:10'),(258,20,27,202,'12',999,999,'','cups.png,cups.png,','ADMIN','2023/5/10 2:26:31','2023/5/10 2:26:31'),(259,20,27,202,'24',2000,1800,'','cups.png,cups.png,','ADMIN','2023/5/10 2:26:52','2023/5/10 2:26:52'),(260,15,11,102,'1',99,99,'','Chocolate.png,Full chocolate.png,','ADMIN','2023/5/10 2:33:58','2023/5/10 2:33:58'),(261,15,11,102,'5',399,399,'','Chocolate.png,Full chocolate.png,','ADMIN','2023/5/10 2:34:22','2023/5/10 2:34:22');
/*!40000 ALTER TABLE `productlist` ENABLE KEYS */;
UNLOCK TABLES;

--
-- Table structure for table `state`
--

DROP TABLE IF EXISTS `state`;
/*!40101 SET @saved_cs_client     = @@character_set_client */;
 SET character_set_client = utf8mb4 ;
CREATE TABLE `state` (
  `state_id` int(11) NOT NULL,
  `statename` varchar(45) DEFAULT NULL,
  PRIMARY KEY (`state_id`)
) ENGINE=InnoDB DEFAULT CHARSET=utf8mb4 COLLATE=utf8mb4_0900_ai_ci;
/*!40101 SET character_set_client = @saved_cs_client */;

--
-- Dumping data for table `state`
--

LOCK TABLES `state` WRITE;
/*!40000 ALTER TABLE `state` DISABLE KEYS */;
INSERT INTO `state` VALUES (100,'Madhyapradesh'),(101,'Uttarpradesh'),(102,'Rajsthan'),(103,'Gujrat'),(104,'Haryana');
/*!40000 ALTER TABLE `state` ENABLE KEYS */;
UNLOCK TABLES;

--
-- Table structure for table `subcategory`
--

DROP TABLE IF EXISTS `subcategory`;
/*!40101 SET @saved_cs_client     = @@character_set_client */;
 SET character_set_client = utf8mb4 ;
CREATE TABLE `subcategory` (
  `categoryid` int(11) DEFAULT NULL,
  `subcategoryid` int(11) NOT NULL AUTO_INCREMENT,
  `subcategoryname` varchar(45) DEFAULT NULL,
  `discription` text,
  `subcategoryicon` text,
  `createdat` varchar(100) DEFAULT NULL,
  `updatedat` varchar(100) DEFAULT NULL,
  `updateby` varchar(100) DEFAULT NULL,
  `status` varchar(100) DEFAULT NULL,
  PRIMARY KEY (`subcategoryid`)
) ENGINE=InnoDB AUTO_INCREMENT=52 DEFAULT CHARSET=utf8mb4 COLLATE=utf8mb4_0900_ai_ci;
/*!40101 SET character_set_client = @saved_cs_client */;

--
-- Dumping data for table `subcategory`
--

LOCK TABLES `subcategory` WRITE;
/*!40000 ALTER TABLE `subcategory` DISABLE KEYS */;
INSERT INTO `subcategory` VALUES (15,11,'Birthday Gifts for mom','mom special gift','mom gift.png','2023/4/8 11:34:0','2023/5/6 13:40:19','ADMIN','Pending'),(15,12,'Gifts for father ','dad special gifts','father special gift.avif','2023/4/8 11:48:11','2023/4/8 11:48:11','ADMIN','Pending'),(16,13,'First Anniversary Gift','Anniversary Special','happy-anniversary.webp','2023/4/8 12:3:7','2023/4/8 12:3:7','ADMIN','Pending'),(16,14,'Anniversary for Parents','Parent\'s special gifts','hanging-wooden.png','2023/4/8 12:4:13','2023/5/6 13:40:54','ADMIN','Pending'),(15,15,'Birthday Cakes','Birthday Special Cakes','p-rainbow-cake-600-gms.png','2023/4/8 12:5:8','2023/5/6 13:41:30','ADMIN','Verified'),(16,16,'Anniversary Cake','Anniversary Special Cake','White_Forest_Anniversary Special cake.png','2023/4/8 12:13:23','2023/5/8 14:33:55','ADMIN','Verified'),(17,17,'Fruit Basket','Gift Basket','217-2178511_fruit-basket.png','2023/4/8 12:23:3','2023/5/9 21:26:29','ADMIN','Pending'),(17,18,'Chocolate Basket','Special chocolate basket','dairy milk Chocolate Basket.png','2023/4/8 12:28:17','2023/5/6 14:34:14','ADMIN','Pending'),(17,19,'Wine Gift Basket','a basket which holds several bottles of wine and a packing material which is designed to prevent damage.','wine basket.webp','2023/4/8 12:39:9','2023/4/8 12:39:9','ADMIN','Pending'),(18,20,'Custom Mugs','Create your photo coffee mug online only at Vistaprint.','Glassy Pair Champagne Glass.png','2023/4/8 12:50:50','2023/5/6 14:34:34','ADMIN','Pending'),(18,21,'KeyChain','Design your own keychains by adding a favorite picture or photo of loved ones and pets,','Personalized Photo keychain.png','2023/4/8 12:57:19','2023/5/6 13:43:15','ADMIN','Pending'),(16,22,'Flowers','Anniversary special Bouquet','white_red_orange_roses.png','2023/4/8 12:58:14','2023/5/6 13:43:38','ADMIN','Pending'),(19,23,'Valentine Day Gift','express your love to your Valentine With Special Gifts','love-you-lamp-gift.png','2023/4/8 13:3:1','2023/5/6 13:42:15','ADMIN','Pending'),(15,24,'Birthday Gift For Friends','Express your bonding with your pals','doodles-personalized-diary.png','2023/4/8 13:26:39','2023/5/6 13:43:1','ADMIN','Pending'),(20,25,'Cake','Delicious and Yummy cakes for every special moment','Tempting Vanilla Cake.webp','2023/4/8 17:24:43','2023/5/6 13:45:5','ADMIN','Pending'),(20,26,'Flowers','Special Bouquet for special one','light-pink-roses.png','2023/4/8 17:26:7','2023/5/9 23:59:30','ADMIN','Pending'),(20,27,'Glass pair','Glass Pair','Glassy Pair Champagne Glass.webp','2023/4/8 17:27:14','2023/4/8 17:54:0','ADMIN','Verified'),(20,28,'Chocolate','Delicious variety of chocolates','b2.avif','2023/4/8 17:29:30','2023/4/8 17:29:30','ADMIN','Pending'),(20,29,'Soft Toys','Softs toys for kids and loved one','teddy9.jpeg','2023/4/8 17:32:11','2023/4/8 17:32:11','ADMIN','Pending'),(20,30,'Gift Basket','Gift basket ','dairy milk Chocolate Basket.webp','2023/4/8 17:33:59','2023/4/8 17:33:59','ADMIN','Pending'),(20,31,'Brand Watches','Watches for Man and Women','armani-watch.png','2023/4/8 17:35:43','2023/5/9 12:25:39','ADMIN','Pending'),(20,32,'Home Decor','Cool & unique home decor gifts','candles-pair-scented.png','2023/4/8 17:38:20','2023/5/6 17:16:58','ADMIN','Pending'),(19,33,'Mother\'s Day','Celebrate Mother\'s Day with Amazing and Surprizing Gifts','mom gift.png','2023/4/11 10:23:52','2023/5/6 14:39:27','ADMIN','Pending'),(19,34,'Father\'s Day','Father\'s Day Special','father\'s day.png','2023/4/11 10:28:28','2023/5/6 14:35:3','ADMIN','Pending'),(21,35,'Holi Gifts','Holi Special Gift','Diwali Gift.png','2023/4/11 10:36:31','2023/5/6 14:36:13','ADMIN','Pending'),(21,36,'Diwali ','Diwali Special Gifts','Diwali Gift.webp','2023/4/11 10:37:12','2023/4/11 10:37:12','ADMIN','Pending'),(21,37,'Rakshabandhan ','Rakhi Special','rakhi special.png','2023/4/11 10:40:7','2023/5/6 14:40:40','ADMIN','Pending'),(18,38,'Diary','personalized Diary and pen with your favourite photo','doodles-personalized-diary.png','2023/4/11 11:12:2','2023/5/6 13:19:27','ADMIN','Pending'),(18,39,'Other','some other special','personalized-led-lights-bottle.png','2023/4/11 11:55:58','2023/5/6 13:18:36','ADMIN','Pending'),(15,40,'Birthday For Kids','Birthday For Kids','happy birthday.png','2023/4/11 16:20:59','2023/5/6 13:45:58','ADMIN','Pending'),(19,42,'Easter day','Easter day special','Brass Tea Light Holder.png','2023/4/14 16:45:7','2023/5/6 14:36:48','ADMIN','Pending'),(19,43,'Baby Shower','Baby Shower','blue-baby-shoes-truffle-cake-1-kg.png','2023/4/14 16:45:37','2023/5/6 14:37:1','ADMIN','Pending'),(17,44,'Christmas Gift Basket','Christmas Gift Basket','opensecret.png','2023/4/24 17:6:56','2023/4/24 17:6:56','ADMIN','Pending'),(17,45,'Women\'s Day ','Special for Women\'s Day ','women-gift-basket-candles-.png','2023/4/24 17:7:33','2023/4/24 17:8:28','ADMIN','Pending'),(19,46,'Wedding','Wedding Special','fabelle.png','2023/4/24 17:10:36','2023/4/24 17:10:36','ADMIN','Pending'),(19,47,'Engagement','Engagement special','p-premium-sweets-wedding-gift-box-with-personalized-card-box.webp','2023/4/24 17:11:50','2023/4/24 17:11:50','ADMIN','Pending'),(19,48,'Bachelorette','Bachelorette','p-dream-a-little.webp','2023/4/24 17:15:57','2023/4/24 17:15:57','ADMIN','Pending'),(15,50,'Gift For Him','Birthfday Gift For Boys','boy.png','2023/5/9 11:10:15','2023/5/9 11:10:15','ADMIN','Pending'),(15,51,'Gift For Her','Special Gift For Girls','Girls.png','2023/5/9 11:10:55','2023/5/9 11:12:9','ADMIN','Pending');
/*!40000 ALTER TABLE `subcategory` ENABLE KEYS */;
UNLOCK TABLES;

--
-- Table structure for table `useraddress`
--

DROP TABLE IF EXISTS `useraddress`;
/*!40101 SET @saved_cs_client     = @@character_set_client */;
 SET character_set_client = utf8mb4 ;
CREATE TABLE `useraddress` (
  `addressid` int(11) NOT NULL AUTO_INCREMENT,
  `userid` varchar(45) DEFAULT NULL,
  `fullname` varchar(45) DEFAULT NULL,
  `mobile_number` varchar(45) DEFAULT NULL,
  `address` varchar(45) DEFAULT NULL,
  `apartment` varchar(45) DEFAULT NULL,
  `state` varchar(45) DEFAULT NULL,
  `city` varchar(45) DEFAULT NULL,
  `zipcode` varchar(45) DEFAULT NULL,
  `country` varchar(45) DEFAULT NULL,
  PRIMARY KEY (`addressid`),
  UNIQUE KEY `addressid_UNIQUE` (`addressid`)
) ENGINE=InnoDB AUTO_INCREMENT=34 DEFAULT CHARSET=utf8mb4 COLLATE=utf8mb4_0900_ai_ci;
/*!40101 SET character_set_client = @saved_cs_client */;

--
-- Dumping data for table `useraddress`
--

LOCK TABLES `useraddress` WRITE;
/*!40000 ALTER TABLE `useraddress` DISABLE KEYS */;
INSERT INTO `useraddress` VALUES (25,'41','Varsha Bhardwaj','7777777777','Arya nagar Bhind','Bhind','mp','gwalior','477001','india'),(26,'42','Radha','9898989898','Jiwaji Nagar','504','mp','gwalior','474011','india'),(27,'44','Varsha','7879292847','Chouhan Pyau','890','mp','indore','477011','india'),(30,'48','Varsha Sharma','9926685959','Chouhan Pyau','903, indra nagar','mp','gwalior','477011','india'),(32,'37','Varsha','9999999999','Indra Nagar','809','101','104','477011','india'),(33,'51','Varsha','6268325925','Indra Nagar','903','100','100','477011','india');
/*!40000 ALTER TABLE `useraddress` ENABLE KEYS */;
UNLOCK TABLES;

--
-- Table structure for table `userdata`
--

DROP TABLE IF EXISTS `userdata`;
/*!40101 SET @saved_cs_client     = @@character_set_client */;
 SET character_set_client = utf8mb4 ;
CREATE TABLE `userdata` (
  `userid` int(11) NOT NULL AUTO_INCREMENT,
  `mobile_number` varchar(45) NOT NULL,
  `name` varchar(45) DEFAULT NULL,
  PRIMARY KEY (`userid`),
  UNIQUE KEY `userid_UNIQUE` (`userid`)
) ENGINE=InnoDB AUTO_INCREMENT=52 DEFAULT CHARSET=utf8mb4 COLLATE=utf8mb4_0900_ai_ci;
/*!40101 SET character_set_client = @saved_cs_client */;

--
-- Dumping data for table `userdata`
--

LOCK TABLES `userdata` WRITE;
/*!40000 ALTER TABLE `userdata` DISABLE KEYS */;
INSERT INTO `userdata` VALUES (37,'9999999999','yy'),(41,'7777777777','uu'),(42,'9898989898','Radha'),(43,'9898989888','Radha'),(44,'7879292847','Varsha'),(45,'7897897890','xxx'),(47,'9348679577','XXXX'),(48,'9926685959','Varsha Sharma'),(49,'9691012306','Richa'),(51,'6268325925','varsha ');
/*!40000 ALTER TABLE `userdata` ENABLE KEYS */;
UNLOCK TABLES;
/*!40103 SET TIME_ZONE=@OLD_TIME_ZONE */;

/*!40101 SET SQL_MODE=@OLD_SQL_MODE */;
/*!40014 SET FOREIGN_KEY_CHECKS=@OLD_FOREIGN_KEY_CHECKS */;
/*!40014 SET UNIQUE_CHECKS=@OLD_UNIQUE_CHECKS */;
/*!40101 SET CHARACTER_SET_CLIENT=@OLD_CHARACTER_SET_CLIENT */;
/*!40101 SET CHARACTER_SET_RESULTS=@OLD_CHARACTER_SET_RESULTS */;
/*!40101 SET COLLATION_CONNECTION=@OLD_COLLATION_CONNECTION */;
/*!40111 SET SQL_NOTES=@OLD_SQL_NOTES */;

-- Dump completed on 2023-05-10  9:27:37
